sale_id,sale_date,quantity_sold,unit_price,total_amount,consumes_inventory,customer_id,customer_code,user_role,exceptional_demand_day
1,1/1/2025,894,36,32184,TRUE,21,CUST-021,sales_staff,FALSE
2,1/1/2025,1110,37,41070,TRUE,18,CUST-018,sales_staff,FALSE
3,1/1/2025,513,34,17442,TRUE,12,CUST-012,sales_staff,FALSE
4,1/1/2025,311,35,10885,TRUE,1,CUST-001,sales_staff,FALSE
5,1/1/2025,949,36,34164,TRUE,24,CUST-024,sales_staff,FALSE
6,1/1/2025,210,35,7350,TRUE,16,CUST-016,sales_staff,FALSE
7,1/1/2025,558,35,19530,TRUE,10,CUST-010,sales_staff,FALSE
8,1/1/2025,336,35,11760,TRUE,14,CUST-014,sales_staff,FALSE
9,1/1/2025,481,36,17316,TRUE,4,CUST-004,sales_staff,FALSE
10,1/2/2025,855,34,29070,TRUE,9,CUST-009,sales_staff,FALSE
11,1/2/2025,1344,35,47040,TRUE,8,CUST-008,sales_staff,FALSE
12,1/2/2025,1720,35,60200,TRUE,21,CUST-021,sales_staff,FALSE
13,1/2/2025,646,35,22610,TRUE,14,CUST-014,sales_staff,FALSE
14,1/2/2025,924,35,32340,TRUE,4,CUST-004,sales_staff,FALSE
15,1/3/2025,1320,36,47520,TRUE,23,CUST-023,sales_staff,FALSE
16,1/3/2025,1244,35,43540,TRUE,19,CUST-019,sales_staff,FALSE
17,1/3/2025,1760,35,61600,TRUE,20,CUST-020,sales_staff,FALSE
18,1/3/2025,1772,36,63792,TRUE,17,CUST-017,sales_staff,FALSE
19,1/4/2025,1888,34,64192,TRUE,25,CUST-025,sales_staff,FALSE
20,1/4/2025,227,34,7718,TRUE,19,CUST-019,sales_staff,FALSE
21,1/4/2025,355,35,12425,TRUE,9,CUST-009,sales_staff,FALSE
22,1/4/2025,321,35,11235,TRUE,20,CUST-020,sales_staff,FALSE
23,1/4/2025,445,35,15575,TRUE,10,CUST-010,sales_staff,FALSE
24,1/4/2025,714,35,24990,TRUE,21,CUST-021,sales_staff,FALSE
25,1/4/2025,398,36,14328,TRUE,5,CUST-005,sales_staff,FALSE
26,1/4/2025,558,35,19530,TRUE,8,CUST-008,sales_staff,FALSE
27,1/5/2025,753,35,26355,TRUE,13,CUST-013,sales_staff,FALSE
28,1/5/2025,853,36,30708,TRUE,18,CUST-018,sales_staff,FALSE
29,1/5/2025,1817,36,65412,TRUE,25,CUST-025,sales_staff,FALSE
30,1/5/2025,687,35,24045,TRUE,21,CUST-021,sales_staff,FALSE
31,1/5/2025,554,35,19390,TRUE,22,CUST-022,sales_staff,FALSE
32,1/5/2025,383,35,13405,TRUE,5,CUST-005,sales_staff,FALSE
33,1/6/2025,472,36,16992,TRUE,7,CUST-007,sales_staff,FALSE
34,1/6/2025,386,35,13510,TRUE,4,CUST-004,sales_staff,FALSE
35,1/6/2025,334,35,11690,TRUE,11,CUST-011,sales_staff,FALSE
36,1/6/2025,561,36,20196,TRUE,8,CUST-008,sales_staff,FALSE
37,1/6/2025,1897,35,66395,TRUE,25,CUST-025,sales_staff,FALSE
38,1/6/2025,357,35,12495,TRUE,9,CUST-009,sales_staff,FALSE
39,1/6/2025,891,35,31185,TRUE,18,CUST-018,sales_staff,FALSE
40,1/6/2025,322,36,11592,TRUE,20,CUST-020,sales_staff,FALSE
41,1/6/2025,784,35,27440,TRUE,3,CUST-003,sales_staff,FALSE
42,1/7/2025,358,37,13246,TRUE,10,CUST-010,sales_staff,FALSE
43,1/7/2025,713,35,24955,TRUE,18,CUST-018,sales_staff,FALSE
44,1/7/2025,1518,35,53130,TRUE,25,CUST-025,sales_staff,FALSE
45,1/7/2025,628,36,22608,TRUE,3,CUST-003,sales_staff,FALSE
46,1/7/2025,662,34,22508,TRUE,6,CUST-006,sales_staff,FALSE
47,1/7/2025,609,35,21315,TRUE,24,CUST-024,sales_staff,FALSE
48,1/7/2025,285,35,9975,TRUE,9,CUST-009,sales_staff,FALSE
49,1/7/2025,574,35,20090,TRUE,21,CUST-021,sales_staff,FALSE
50,1/7/2025,260,35,9100,TRUE,17,CUST-017,sales_staff,FALSE
51,1/7/2025,258,35,9030,TRUE,20,CUST-020,sales_staff,FALSE
52,1/8/2025,677,35,23695,TRUE,6,CUST-006,sales_staff,FALSE
53,1/8/2025,473,35,16555,TRUE,22,CUST-022,sales_staff,FALSE
54,1/8/2025,198,36,7128,TRUE,23,CUST-023,sales_staff,FALSE
55,1/8/2025,641,35,22435,TRUE,3,CUST-003,sales_staff,FALSE
56,1/8/2025,1551,35,54285,TRUE,25,CUST-025,sales_staff,FALSE
57,1/8/2025,220,35,7700,TRUE,14,CUST-014,sales_staff,FALSE
58,1/8/2025,292,35,10220,TRUE,9,CUST-009,sales_staff,FALSE
59,1/8/2025,337,35,11795,TRUE,12,CUST-012,sales_staff,FALSE
60,1/8/2025,204,35,7140,TRUE,1,CUST-001,sales_staff,FALSE
61,1/9/2025,908,35,31780,TRUE,18,CUST-018,sales_staff,TRUE
62,1/9/2025,275,35,9625,TRUE,14,CUST-014,sales_staff,TRUE
63,1/9/2025,341,34,11594,TRUE,11,CUST-011,sales_staff,TRUE
64,1/9/2025,572,35,20020,TRUE,8,CUST-008,sales_staff,TRUE
65,1/9/2025,731,34,24854,TRUE,21,CUST-021,sales_staff,TRUE
66,1/9/2025,801,35,28035,TRUE,13,CUST-013,sales_staff,TRUE
67,1/9/2025,246,35,8610,TRUE,23,CUST-023,sales_staff,TRUE
68,1/9/2025,1935,37,71595,TRUE,25,CUST-025,sales_staff,TRUE
69,1/9/2025,776,35,27160,TRUE,24,CUST-024,sales_staff,TRUE
70,1/10/2025,471,36,16956,TRUE,10,CUST-010,sales_staff,FALSE
71,1/10/2025,1997,35,69895,TRUE,25,CUST-025,sales_staff,FALSE
72,1/10/2025,937,34,31858,TRUE,18,CUST-018,sales_staff,FALSE
73,1/10/2025,166,37,6142,TRUE,15,CUST-015,sales_staff,FALSE
74,1/10/2025,827,37,30599,TRUE,13,CUST-013,sales_staff,FALSE
75,1/10/2025,254,36,9144,TRUE,23,CUST-023,sales_staff,FALSE
76,1/10/2025,339,35,11865,TRUE,20,CUST-020,sales_staff,FALSE
77,1/10/2025,871,35,30485,TRUE,6,CUST-006,sales_staff,FALSE
78,1/10/2025,434,34,14756,TRUE,12,CUST-012,sales_staff,FALSE
79,1/10/2025,263,35,9205,TRUE,1,CUST-001,sales_staff,FALSE
80,1/11/2025,2317,36,83412,TRUE,25,CUST-025,sales_staff,FALSE
81,1/11/2025,707,35,24745,TRUE,22,CUST-022,sales_staff,FALSE
82,1/11/2025,206,36,7416,TRUE,16,CUST-016,sales_staff,FALSE
83,1/11/2025,295,35,10325,TRUE,23,CUST-023,sales_staff,FALSE
84,1/11/2025,435,35,15225,TRUE,9,CUST-009,sales_staff,FALSE
85,1/11/2025,685,35,23975,TRUE,8,CUST-008,sales_staff,FALSE
86,1/12/2025,244,36,8784,TRUE,17,CUST-017,sales_staff,FALSE
87,1/12/2025,623,35,21805,TRUE,6,CUST-006,sales_staff,FALSE
88,1/12/2025,269,35,9415,TRUE,9,CUST-009,sales_staff,FALSE
89,1/12/2025,671,35,23485,TRUE,18,CUST-018,sales_staff,FALSE
90,1/12/2025,310,34,10540,TRUE,12,CUST-012,sales_staff,FALSE
91,1/12/2025,592,34,20128,TRUE,13,CUST-013,sales_staff,FALSE
92,1/12/2025,590,36,21240,TRUE,3,CUST-003,sales_staff,FALSE
93,1/12/2025,573,36,20628,TRUE,24,CUST-024,sales_staff,FALSE
94,1/12/2025,119,35,4165,TRUE,15,CUST-015,sales_staff,FALSE
95,1/12/2025,1429,36,51444,TRUE,25,CUST-025,sales_staff,FALSE
96,1/13/2025,3080,35,107800,TRUE,25,CUST-025,sales_staff,FALSE
97,1/13/2025,1235,36,44460,TRUE,24,CUST-024,sales_staff,FALSE
98,1/13/2025,579,35,20265,TRUE,9,CUST-009,sales_staff,FALSE
99,1/13/2025,727,36,26172,TRUE,10,CUST-010,sales_staff,FALSE
100,1/14/2025,335,35,11725,TRUE,20,CUST-020,sales_staff,FALSE
101,1/14/2025,602,35,21070,TRUE,22,CUST-022,sales_staff,FALSE
102,1/14/2025,337,35,11795,TRUE,17,CUST-017,sales_staff,FALSE
103,1/14/2025,860,35,30100,TRUE,6,CUST-006,sales_staff,FALSE
104,1/14/2025,251,35,8785,TRUE,23,CUST-023,sales_staff,FALSE
105,1/14/2025,815,36,29340,TRUE,3,CUST-003,sales_staff,FALSE
106,1/14/2025,817,36,29412,TRUE,13,CUST-013,sales_staff,FALSE
107,1/14/2025,259,37,9583,TRUE,1,CUST-001,sales_staff,FALSE
108,1/14/2025,745,35,26075,TRUE,21,CUST-021,sales_staff,FALSE
109,1/14/2025,465,36,16740,TRUE,10,CUST-010,sales_staff,FALSE
110,1/15/2025,981,35,34335,TRUE,24,CUST-024,sales_staff,FALSE
111,1/15/2025,347,34,11798,TRUE,14,CUST-014,sales_staff,FALSE
112,1/15/2025,2444,35,85540,TRUE,25,CUST-025,sales_staff,FALSE
113,1/15/2025,516,35,18060,TRUE,5,CUST-005,sales_staff,FALSE
114,1/15/2025,577,34,19618,TRUE,10,CUST-010,sales_staff,FALSE
115,1/15/2025,1066,35,37310,TRUE,6,CUST-006,sales_staff,FALSE
116,1/16/2025,408,35,14280,TRUE,11,CUST-011,sales_staff,FALSE
117,1/16/2025,1087,35,38045,TRUE,18,CUST-018,sales_staff,FALSE
118,1/16/2025,278,34,9452,TRUE,19,CUST-019,sales_staff,FALSE
119,1/16/2025,876,34,29784,TRUE,21,CUST-021,sales_staff,FALSE
120,1/16/2025,685,35,23975,TRUE,8,CUST-008,sales_staff,FALSE
121,1/16/2025,929,35,32515,TRUE,24,CUST-024,sales_staff,FALSE
122,1/16/2025,193,36,6948,TRUE,15,CUST-015,sales_staff,FALSE
123,1/16/2025,1010,34,34340,TRUE,6,CUST-006,sales_staff,FALSE
124,1/17/2025,691,35,24185,TRUE,21,CUST-021,sales_staff,FALSE
125,1/17/2025,397,35,13895,TRUE,12,CUST-012,sales_staff,FALSE
126,1/17/2025,755,35,26425,TRUE,3,CUST-003,sales_staff,FALSE
127,1/17/2025,558,34,18972,TRUE,22,CUST-022,sales_staff,FALSE
128,1/17/2025,858,37,31746,TRUE,18,CUST-018,sales_staff,FALSE
129,1/17/2025,240,36,8640,TRUE,1,CUST-001,sales_staff,FALSE
130,1/17/2025,757,35,26495,TRUE,13,CUST-013,sales_staff,FALSE
131,1/17/2025,310,34,10540,TRUE,20,CUST-020,sales_staff,FALSE
132,1/17/2025,1827,34,62118,TRUE,25,CUST-025,sales_staff,FALSE
133,1/18/2025,827,35,28945,TRUE,12,CUST-012,sales_staff,FALSE
134,1/18/2025,1440,35,50400,TRUE,21,CUST-021,sales_staff,FALSE
135,1/18/2025,1577,35,55195,TRUE,13,CUST-013,sales_staff,FALSE
136,1/18/2025,1527,36,54972,TRUE,24,CUST-024,sales_staff,FALSE
137,1/19/2025,1186,36,42696,TRUE,6,CUST-006,sales_staff,FALSE
138,1/19/2025,462,35,16170,TRUE,20,CUST-020,sales_staff,FALSE
139,1/19/2025,642,34,21828,TRUE,10,CUST-010,sales_staff,FALSE
140,1/19/2025,574,36,20664,TRUE,5,CUST-005,sales_staff,FALSE
141,1/19/2025,2719,35,95165,TRUE,25,CUST-025,sales_staff,FALSE
142,1/20/2025,1303,35,45605,TRUE,12,CUST-012,sales_staff,FALSE
143,1/20/2025,2268,35,79380,TRUE,21,CUST-021,sales_staff,FALSE
144,1/20/2025,789,36,28404,TRUE,1,CUST-001,sales_staff,FALSE
145,1/20/2025,1057,35,36995,TRUE,11,CUST-011,sales_staff,FALSE
146,1/21/2025,348,35,12180,TRUE,12,CUST-012,sales_staff,FALSE
147,1/21/2025,698,36,25128,TRUE,6,CUST-006,sales_staff,FALSE
148,1/21/2025,227,35,7945,TRUE,14,CUST-014,sales_staff,FALSE
149,1/21/2025,662,36,23832,TRUE,3,CUST-003,sales_staff,FALSE
150,1/21/2025,1601,36,57636,TRUE,25,CUST-025,sales_staff,FALSE
151,1/21/2025,211,35,7385,TRUE,1,CUST-001,sales_staff,FALSE
152,1/21/2025,643,35,22505,TRUE,24,CUST-024,sales_staff,FALSE
153,1/21/2025,338,35,11830,TRUE,5,CUST-005,sales_staff,FALSE
154,1/21/2025,752,35,26320,TRUE,18,CUST-018,sales_staff,FALSE
155,1/22/2025,980,35,34300,TRUE,8,CUST-008,sales_staff,FALSE
156,1/22/2025,584,37,21608,TRUE,11,CUST-011,sales_staff,FALSE
157,1/22/2025,674,35,23590,TRUE,4,CUST-004,sales_staff,FALSE
158,1/22/2025,1374,35,48090,TRUE,13,CUST-013,sales_staff,FALSE
159,1/22/2025,1330,37,49210,TRUE,24,CUST-024,sales_staff,FALSE
160,1/22/2025,720,35,25200,TRUE,12,CUST-012,sales_staff,FALSE
161,1/23/2025,970,37,35890,TRUE,18,CUST-018,sales_staff,FALSE
162,1/23/2025,487,36,17532,TRUE,10,CUST-010,sales_staff,FALSE
163,1/23/2025,781,35,27335,TRUE,21,CUST-021,sales_staff,FALSE
164,1/23/2025,2065,35,72275,TRUE,25,CUST-025,sales_staff,FALSE
165,1/23/2025,610,35,21350,TRUE,8,CUST-008,sales_staff,FALSE
166,1/23/2025,630,36,22680,TRUE,22,CUST-022,sales_staff,FALSE
167,1/23/2025,263,35,9205,TRUE,23,CUST-023,sales_staff,FALSE
168,1/23/2025,420,35,14700,TRUE,4,CUST-004,sales_staff,FALSE
169,1/24/2025,290,35,10150,TRUE,17,CUST-017,sales_staff,FALSE
170,1/24/2025,741,35,25935,TRUE,6,CUST-006,sales_staff,FALSE
171,1/24/2025,401,35,14035,TRUE,10,CUST-010,sales_staff,FALSE
172,1/24/2025,141,35,4935,TRUE,15,CUST-015,sales_staff,FALSE
173,1/24/2025,1699,36,61164,TRUE,25,CUST-025,sales_staff,FALSE
174,1/24/2025,345,35,12075,TRUE,4,CUST-004,sales_staff,FALSE
175,1/24/2025,704,35,24640,TRUE,13,CUST-013,sales_staff,FALSE
176,1/24/2025,682,36,24552,TRUE,24,CUST-024,sales_staff,FALSE
177,1/24/2025,798,35,27930,TRUE,18,CUST-018,sales_staff,FALSE
178,1/24/2025,643,35,22505,TRUE,21,CUST-021,sales_staff,FALSE
179,1/25/2025,870,35,30450,TRUE,18,CUST-018,sales_staff,FALSE
180,1/25/2025,547,35,19145,TRUE,8,CUST-008,sales_staff,FALSE
181,1/25/2025,461,35,16135,TRUE,7,CUST-007,sales_staff,FALSE
182,1/25/2025,317,35,11095,TRUE,17,CUST-017,sales_staff,FALSE
183,1/25/2025,766,35,26810,TRUE,3,CUST-003,sales_staff,FALSE
184,1/25/2025,808,36,29088,TRUE,6,CUST-006,sales_staff,FALSE
185,1/25/2025,700,35,24500,TRUE,21,CUST-021,sales_staff,FALSE
186,1/25/2025,244,35,8540,TRUE,1,CUST-001,sales_staff,FALSE
187,1/26/2025,348,35,12180,TRUE,5,CUST-005,sales_staff,FALSE
188,1/26/2025,210,36,7560,TRUE,23,CUST-023,sales_staff,FALSE
189,1/26/2025,291,35,10185,TRUE,11,CUST-011,sales_staff,FALSE
190,1/26/2025,1651,35,57785,TRUE,25,CUST-025,sales_staff,FALSE
191,1/26/2025,682,35,23870,TRUE,3,CUST-003,sales_staff,FALSE
192,1/26/2025,282,36,10152,TRUE,17,CUST-017,sales_staff,FALSE
193,1/26/2025,504,34,17136,TRUE,22,CUST-022,sales_staff,FALSE
194,1/26/2025,137,36,4932,TRUE,15,CUST-015,sales_staff,FALSE
195,1/26/2025,359,35,12565,TRUE,12,CUST-012,sales_staff,FALSE
196,1/26/2025,663,36,23868,TRUE,24,CUST-024,sales_staff,FALSE
197,1/27/2025,1215,36,43740,TRUE,3,CUST-003,sales_staff,FALSE
198,1/27/2025,897,35,31395,TRUE,22,CUST-022,sales_staff,FALSE
199,1/27/2025,1179,36,42444,TRUE,24,CUST-024,sales_staff,FALSE
200,1/27/2025,1217,37,45029,TRUE,13,CUST-013,sales_staff,FALSE
201,1/27/2025,1111,35,38885,TRUE,21,CUST-021,sales_staff,FALSE
202,1/28/2025,859,35,30065,TRUE,21,CUST-021,sales_staff,FALSE
203,1/28/2025,991,37,36667,TRUE,6,CUST-006,sales_staff,FALSE
204,1/28/2025,536,35,18760,TRUE,10,CUST-010,sales_staff,FALSE
205,1/28/2025,911,36,32796,TRUE,24,CUST-024,sales_staff,FALSE
206,1/28/2025,493,35,17255,TRUE,12,CUST-012,sales_staff,FALSE
207,1/28/2025,565,36,20340,TRUE,7,CUST-007,sales_staff,FALSE
208,1/28/2025,939,37,34743,TRUE,3,CUST-003,sales_staff,FALSE
209,1/28/2025,427,35,14945,TRUE,9,CUST-009,sales_staff,FALSE
210,1/29/2025,1769,36,63684,TRUE,25,CUST-025,sales_staff,FALSE
211,1/29/2025,157,35,5495,TRUE,16,CUST-016,sales_staff,FALSE
212,1/29/2025,669,35,23415,TRUE,21,CUST-021,sales_staff,FALSE
213,1/29/2025,303,34,10302,TRUE,17,CUST-017,sales_staff,FALSE
214,1/29/2025,333,35,11655,TRUE,9,CUST-009,sales_staff,FALSE
215,1/29/2025,731,35,25585,TRUE,3,CUST-003,sales_staff,FALSE
216,1/29/2025,440,34,14960,TRUE,7,CUST-007,sales_staff,FALSE
217,1/29/2025,710,34,24140,TRUE,24,CUST-024,sales_staff,FALSE
218,1/29/2025,523,35,18305,TRUE,8,CUST-008,sales_staff,FALSE
219,1/29/2025,212,35,7420,TRUE,19,CUST-019,sales_staff,FALSE
220,1/30/2025,1151,35,40285,TRUE,18,CUST-018,sales_staff,FALSE
221,1/30/2025,2451,36,88236,TRUE,25,CUST-025,sales_staff,FALSE
222,1/30/2025,1013,36,36468,TRUE,3,CUST-003,sales_staff,FALSE
223,1/30/2025,927,36,33372,TRUE,21,CUST-021,sales_staff,FALSE
224,1/31/2025,84,35,2940,TRUE,2,CUST-002,sales_staff,FALSE
225,1/31/2025,2427,35,84945,TRUE,25,CUST-025,sales_staff,FALSE
226,1/31/2025,1006,34,34204,TRUE,13,CUST-013,sales_staff,FALSE
227,1/31/2025,456,37,16872,TRUE,9,CUST-009,sales_staff,FALSE
228,1/31/2025,604,34,20536,TRUE,7,CUST-007,sales_staff,FALSE
229,1/31/2025,527,36,18972,TRUE,12,CUST-012,sales_staff,FALSE
230,1/31/2025,1139,34,38726,TRUE,18,CUST-018,sales_staff,FALSE
231,2/1/2025,271,35,9485,TRUE,20,CUST-020,sales_staff,FALSE
232,2/1/2025,1598,34,54332,TRUE,25,CUST-025,sales_staff,FALSE
233,2/1/2025,487,35,17045,TRUE,22,CUST-022,sales_staff,FALSE
234,2/1/2025,641,35,22435,TRUE,24,CUST-024,sales_staff,FALSE
235,2/1/2025,604,35,21140,TRUE,21,CUST-021,sales_staff,FALSE
236,2/1/2025,750,35,26250,TRUE,18,CUST-018,sales_staff,FALSE
237,2/1/2025,142,37,5254,TRUE,16,CUST-016,sales_staff,FALSE
238,2/1/2025,300,35,10500,TRUE,9,CUST-009,sales_staff,FALSE
239,2/1/2025,282,36,10152,TRUE,11,CUST-011,sales_staff,FALSE
240,2/2/2025,651,34,22134,TRUE,24,CUST-024,sales_staff,FALSE
241,2/2/2025,342,36,12312,TRUE,5,CUST-005,sales_staff,FALSE
242,2/2/2025,144,36,5184,TRUE,16,CUST-016,sales_staff,FALSE
243,2/2/2025,1622,36,58392,TRUE,25,CUST-025,sales_staff,FALSE
244,2/2/2025,613,36,22068,TRUE,21,CUST-021,sales_staff,FALSE
245,2/2/2025,707,36,25452,TRUE,6,CUST-006,sales_staff,FALSE
246,2/2/2025,403,37,14911,TRUE,7,CUST-007,sales_staff,FALSE
247,2/2/2025,670,35,23450,TRUE,3,CUST-003,sales_staff,FALSE
248,2/3/2025,1947,36,70092,TRUE,25,CUST-025,sales_staff,FALSE
249,2/3/2025,805,35,28175,TRUE,3,CUST-003,sales_staff,FALSE
250,2/3/2025,914,36,32904,TRUE,18,CUST-018,sales_staff,FALSE
251,2/3/2025,594,37,21978,TRUE,22,CUST-022,sales_staff,FALSE
252,2/3/2025,276,35,9660,TRUE,14,CUST-014,sales_staff,FALSE
253,2/3/2025,484,36,17424,TRUE,7,CUST-007,sales_staff,FALSE
254,2/3/2025,807,36,29052,TRUE,13,CUST-013,sales_staff,FALSE
255,2/4/2025,1218,35,42630,TRUE,3,CUST-003,sales_staff,TRUE
256,2/4/2025,418,36,15048,TRUE,14,CUST-014,sales_staff,TRUE
257,2/4/2025,1221,35,42735,TRUE,13,CUST-013,sales_staff,TRUE
258,2/4/2025,733,35,25655,TRUE,7,CUST-007,sales_staff,TRUE
259,2/4/2025,2946,36,106056,TRUE,25,CUST-025,sales_staff,TRUE
260,2/4/2025,899,35,31465,TRUE,22,CUST-022,sales_staff,TRUE
261,2/5/2025,884,37,32708,TRUE,24,CUST-024,sales_staff,FALSE
262,2/5/2025,2202,35,77070,TRUE,25,CUST-025,sales_staff,FALSE
263,2/5/2025,414,36,14904,TRUE,9,CUST-009,sales_staff,FALSE
264,2/5/2025,651,35,22785,TRUE,8,CUST-008,sales_staff,FALSE
265,2/5/2025,290,36,10440,TRUE,1,CUST-001,sales_staff,FALSE
266,2/5/2025,464,34,15776,TRUE,5,CUST-005,sales_staff,FALSE
267,2/5/2025,264,35,9240,TRUE,19,CUST-019,sales_staff,FALSE
268,2/5/2025,374,35,13090,TRUE,20,CUST-020,sales_staff,FALSE
269,2/5/2025,548,35,19180,TRUE,7,CUST-007,sales_staff,FALSE
270,2/6/2025,769,35,26915,TRUE,3,CUST-003,sales_staff,FALSE
271,2/6/2025,1860,35,65100,TRUE,25,CUST-025,sales_staff,FALSE
272,2/6/2025,245,36,8820,TRUE,1,CUST-001,sales_staff,FALSE
273,2/6/2025,316,34,10744,TRUE,20,CUST-020,sales_staff,FALSE
274,2/6/2025,873,35,30555,TRUE,18,CUST-018,sales_staff,FALSE
275,2/6/2025,770,37,28490,TRUE,13,CUST-013,sales_staff,FALSE
276,2/6/2025,811,35,28385,TRUE,6,CUST-006,sales_staff,FALSE
277,2/6/2025,223,35,7805,TRUE,19,CUST-019,sales_staff,FALSE
278,2/6/2025,237,35,8295,TRUE,23,CUST-023,sales_staff,FALSE
279,2/7/2025,913,35,31955,TRUE,11,CUST-011,sales_staff,FALSE
280,2/7/2025,621,36,22356,TRUE,19,CUST-019,sales_staff,FALSE
281,2/7/2025,1052,35,36820,TRUE,4,CUST-004,sales_staff,FALSE
282,2/7/2025,2430,34,82620,TRUE,18,CUST-018,sales_staff,FALSE
283,2/7/2025,659,35,23065,TRUE,23,CUST-023,sales_staff,FALSE
284,2/8/2025,241,35,8435,TRUE,1,CUST-001,sales_staff,FALSE
285,2/8/2025,560,35,19600,TRUE,22,CUST-022,sales_staff,FALSE
286,2/8/2025,457,35,15995,TRUE,7,CUST-007,sales_staff,FALSE
287,2/8/2025,760,36,27360,TRUE,13,CUST-013,sales_staff,FALSE
288,2/8/2025,694,35,24290,TRUE,21,CUST-021,sales_staff,FALSE
289,2/8/2025,1836,35,64260,TRUE,25,CUST-025,sales_staff,FALSE
290,2/8/2025,234,35,8190,TRUE,23,CUST-023,sales_staff,FALSE
291,2/8/2025,387,35,13545,TRUE,5,CUST-005,sales_staff,FALSE
292,2/9/2025,335,36,12060,TRUE,20,CUST-020,sales_staff,FALSE
293,2/9/2025,602,35,21070,TRUE,22,CUST-022,sales_staff,FALSE
294,2/9/2025,237,37,8769,TRUE,19,CUST-019,sales_staff,FALSE
295,2/9/2025,1973,35,69055,TRUE,25,CUST-025,sales_staff,FALSE
296,2/9/2025,429,35,15015,TRUE,12,CUST-012,sales_staff,FALSE
297,2/9/2025,348,36,12528,TRUE,11,CUST-011,sales_staff,FALSE
298,2/9/2025,816,35,28560,TRUE,3,CUST-003,sales_staff,FALSE
299,2/9/2025,401,35,14035,TRUE,4,CUST-004,sales_staff,FALSE
300,2/10/2025,268,35,9380,TRUE,23,CUST-023,sales_staff,FALSE
301,2/10/2025,371,35,12985,TRUE,11,CUST-011,sales_staff,FALSE
302,2/10/2025,299,35,10465,TRUE,14,CUST-014,sales_staff,FALSE
303,2/10/2025,2106,36,75816,TRUE,25,CUST-025,sales_staff,FALSE
304,2/10/2025,989,35,34615,TRUE,18,CUST-018,sales_staff,FALSE
305,2/10/2025,796,36,28656,TRUE,21,CUST-021,sales_staff,FALSE
306,2/10/2025,871,35,30485,TRUE,3,CUST-003,sales_staff,FALSE
307,2/10/2025,622,36,22392,TRUE,8,CUST-008,sales_staff,FALSE
308,2/11/2025,619,35,21665,TRUE,21,CUST-021,sales_staff,FALSE
309,2/11/2025,215,35,7525,TRUE,1,CUST-001,sales_staff,FALSE
310,2/11/2025,677,35,23695,TRUE,3,CUST-003,sales_staff,FALSE
311,2/11/2025,715,34,24310,TRUE,6,CUST-006,sales_staff,FALSE
312,2/11/2025,387,36,13932,TRUE,10,CUST-010,sales_staff,FALSE
313,2/11/2025,1638,37,60606,TRUE,25,CUST-025,sales_staff,FALSE
314,2/11/2025,484,35,16940,TRUE,8,CUST-008,sales_staff,FALSE
315,2/11/2025,679,35,23765,TRUE,13,CUST-013,sales_staff,FALSE
316,2/11/2025,407,36,14652,TRUE,7,CUST-007,sales_staff,FALSE
317,2/12/2025,210,36,7560,TRUE,16,CUST-016,sales_staff,FALSE
318,2/12/2025,1031,34,35054,TRUE,6,CUST-006,sales_staff,FALSE
319,2/12/2025,2363,35,82705,TRUE,25,CUST-025,sales_staff,FALSE
320,2/12/2025,417,35,14595,TRUE,11,CUST-011,sales_staff,FALSE
321,2/12/2025,558,37,20646,TRUE,10,CUST-010,sales_staff,FALSE
322,2/12/2025,948,35,33180,TRUE,24,CUST-024,sales_staff,FALSE
323,2/13/2025,513,35,17955,TRUE,8,CUST-008,sales_staff,FALSE
324,2/13/2025,697,35,24395,TRUE,24,CUST-024,sales_staff,FALSE
325,2/13/2025,366,35,12810,TRUE,5,CUST-005,sales_staff,FALSE
326,2/13/2025,1737,36,62532,TRUE,25,CUST-025,sales_staff,FALSE
327,2/13/2025,209,34,7106,TRUE,19,CUST-019,sales_staff,FALSE
328,2/13/2025,327,36,11772,TRUE,9,CUST-009,sales_staff,FALSE
329,2/13/2025,530,35,18550,TRUE,22,CUST-022,sales_staff,FALSE
330,2/13/2025,353,36,12708,TRUE,4,CUST-004,sales_staff,FALSE
331,2/13/2025,247,35,8645,TRUE,14,CUST-014,sales_staff,FALSE
332,2/13/2025,816,37,30192,TRUE,18,CUST-018,sales_staff,FALSE
333,2/14/2025,722,35,25270,TRUE,9,CUST-009,sales_staff,FALSE
334,2/14/2025,677,35,23695,TRUE,11,CUST-011,sales_staff,FALSE
335,2/14/2025,3842,34,130628,TRUE,25,CUST-025,sales_staff,FALSE
336,2/14/2025,834,35,29190,TRUE,12,CUST-012,sales_staff,FALSE
337,2/15/2025,859,35,30065,TRUE,6,CUST-006,sales_staff,FALSE
338,2/15/2025,236,34,8024,TRUE,19,CUST-019,sales_staff,FALSE
339,2/15/2025,814,35,28490,TRUE,3,CUST-003,sales_staff,FALSE
340,2/15/2025,1969,36,70884,TRUE,25,CUST-025,sales_staff,FALSE
341,2/15/2025,744,36,26784,TRUE,21,CUST-021,sales_staff,FALSE
342,2/15/2025,582,35,20370,TRUE,8,CUST-008,sales_staff,FALSE
343,2/16/2025,1078,35,37730,TRUE,18,CUST-018,sales_staff,FALSE
344,2/16/2025,701,34,23834,TRUE,22,CUST-022,sales_staff,FALSE
345,2/16/2025,2296,37,84952,TRUE,25,CUST-025,sales_staff,FALSE
346,2/16/2025,951,36,34236,TRUE,13,CUST-013,sales_staff,FALSE
347,2/17/2025,563,36,20268,TRUE,9,CUST-009,sales_staff,FALSE
348,2/17/2025,707,35,24745,TRUE,10,CUST-010,sales_staff,FALSE
349,2/17/2025,509,36,18324,TRUE,20,CUST-020,sales_staff,FALSE
350,2/17/2025,1134,35,39690,TRUE,21,CUST-021,sales_staff,FALSE
351,2/17/2025,632,36,22752,TRUE,5,CUST-005,sales_staff,FALSE
352,2/17/2025,1242,35,43470,TRUE,13,CUST-013,sales_staff,FALSE
353,2/17/2025,1203,34,40902,TRUE,24,CUST-024,sales_staff,FALSE
354,2/18/2025,460,35,16100,TRUE,10,CUST-010,sales_staff,FALSE
355,2/18/2025,396,34,13464,TRUE,4,CUST-004,sales_staff,FALSE
356,2/18/2025,344,34,11696,TRUE,11,CUST-011,sales_staff,FALSE
357,2/18/2025,257,35,8995,TRUE,1,CUST-001,sales_staff,FALSE
358,2/18/2025,851,35,29785,TRUE,6,CUST-006,sales_staff,FALSE
359,2/18/2025,411,35,14385,TRUE,5,CUST-005,sales_staff,FALSE
360,2/18/2025,1950,35,68250,TRUE,25,CUST-025,sales_staff,FALSE
361,2/18/2025,808,36,29088,TRUE,13,CUST-013,sales_staff,FALSE
362,2/19/2025,328,35,11480,TRUE,9,CUST-009,sales_staff,FALSE
363,2/19/2025,701,35,24535,TRUE,24,CUST-024,sales_staff,FALSE
364,2/19/2025,722,35,25270,TRUE,3,CUST-003,sales_staff,FALSE
365,2/19/2025,299,35,10465,TRUE,17,CUST-017,sales_staff,FALSE
366,2/19/2025,533,36,19188,TRUE,22,CUST-022,sales_staff,FALSE
367,2/19/2025,412,36,14832,TRUE,10,CUST-010,sales_staff,FALSE
368,2/19/2025,1747,35,61145,TRUE,25,CUST-025,sales_staff,FALSE
369,2/19/2025,820,35,28700,TRUE,18,CUST-018,sales_staff,FALSE
370,2/19/2025,145,36,5220,TRUE,15,CUST-015,sales_staff,FALSE
371,2/20/2025,624,37,23088,TRUE,3,CUST-003,sales_staff,FALSE
372,2/20/2025,1510,34,51340,TRUE,25,CUST-025,sales_staff,FALSE
373,2/20/2025,659,35,23065,TRUE,6,CUST-006,sales_staff,FALSE
374,2/20/2025,376,35,13160,TRUE,7,CUST-007,sales_staff,FALSE
375,2/20/2025,307,35,10745,TRUE,4,CUST-004,sales_staff,FALSE
376,2/20/2025,214,35,7490,TRUE,14,CUST-014,sales_staff,FALSE
377,2/20/2025,257,35,8995,TRUE,20,CUST-020,sales_staff,FALSE
378,2/20/2025,606,36,21816,TRUE,24,CUST-024,sales_staff,FALSE
379,2/20/2025,709,36,25524,TRUE,18,CUST-018,sales_staff,FALSE
380,2/20/2025,571,35,19985,TRUE,21,CUST-021,sales_staff,FALSE
381,2/21/2025,348,35,12180,TRUE,9,CUST-009,sales_staff,FALSE
382,2/21/2025,700,35,24500,TRUE,21,CUST-021,sales_staff,FALSE
383,2/21/2025,766,35,26810,TRUE,13,CUST-013,sales_staff,FALSE
384,2/21/2025,1850,34,62900,TRUE,25,CUST-025,sales_staff,FALSE
385,2/21/2025,765,34,26010,TRUE,3,CUST-003,sales_staff,FALSE
386,2/21/2025,807,35,28245,TRUE,6,CUST-006,sales_staff,FALSE
387,2/21/2025,316,37,11692,TRUE,17,CUST-017,sales_staff,FALSE
388,2/21/2025,243,35,8505,TRUE,1,CUST-001,sales_staff,FALSE
389,2/22/2025,1204,35,42140,TRUE,12,CUST-012,sales_staff,FALSE
390,2/22/2025,942,34,32028,TRUE,20,CUST-020,sales_staff,FALSE
391,2/22/2025,2419,35,84665,TRUE,6,CUST-006,sales_staff,FALSE
392,2/22/2025,706,35,24710,TRUE,23,CUST-023,sales_staff,FALSE
393,2/23/2025,1946,34,66164,TRUE,25,CUST-025,sales_staff,FALSE
394,2/23/2025,594,35,20790,TRUE,22,CUST-022,sales_staff,FALSE
395,2/23/2025,330,36,11880,TRUE,20,CUST-020,sales_staff,FALSE
396,2/23/2025,849,35,29715,TRUE,6,CUST-006,sales_staff,FALSE
397,2/23/2025,343,35,12005,TRUE,11,CUST-011,sales_staff,FALSE
398,2/23/2025,914,35,31990,TRUE,18,CUST-018,sales_staff,FALSE
399,2/24/2025,693,35,24255,TRUE,20,CUST-020,sales_staff,FALSE
400,2/24/2025,1014,37,37518,TRUE,7,CUST-007,sales_staff,FALSE
401,2/24/2025,1542,37,57054,TRUE,21,CUST-021,sales_staff,FALSE
402,2/24/2025,536,35,18760,TRUE,1,CUST-001,sales_staff,FALSE
403,2/24/2025,1244,34,42296,TRUE,22,CUST-022,sales_staff,FALSE
404,2/24/2025,766,34,26044,TRUE,9,CUST-009,sales_staff,FALSE
405,2/25/2025,2160,35,75600,TRUE,24,CUST-024,sales_staff,FALSE
406,2/25/2025,1643,36,59148,TRUE,22,CUST-022,sales_staff,FALSE
407,2/25/2025,1012,35,35420,TRUE,9,CUST-009,sales_staff,FALSE
408,2/25/2025,765,36,27540,TRUE,14,CUST-014,sales_staff,FALSE
409,2/26/2025,964,35,33740,TRUE,12,CUST-012,sales_staff,FALSE
410,2/26/2025,1104,36,39744,TRUE,7,CUST-007,sales_staff,FALSE
411,2/26/2025,369,36,13284,TRUE,15,CUST-015,sales_staff,FALSE
412,2/26/2025,1937,36,69732,TRUE,6,CUST-006,sales_staff,FALSE
413,2/26/2025,1839,35,64365,TRUE,13,CUST-013,sales_staff,FALSE
414,2/27/2025,867,35,30345,TRUE,18,CUST-018,sales_staff,FALSE
415,2/27/2025,806,35,28210,TRUE,6,CUST-006,sales_staff,FALSE
416,2/27/2025,1848,35,64680,TRUE,25,CUST-025,sales_staff,FALSE
417,2/27/2025,314,37,11618,TRUE,20,CUST-020,sales_staff,FALSE
418,2/27/2025,390,35,13650,TRUE,5,CUST-005,sales_staff,FALSE
419,2/27/2025,741,35,25935,TRUE,24,CUST-024,sales_staff,FALSE
420,2/27/2025,154,35,5390,TRUE,15,CUST-015,sales_staff,FALSE
421,2/28/2025,731,35,25585,TRUE,24,CUST-024,sales_staff,FALSE
422,2/28/2025,342,34,11628,TRUE,9,CUST-009,sales_staff,FALSE
423,2/28/2025,855,35,29925,TRUE,18,CUST-018,sales_staff,FALSE
424,2/28/2025,753,37,27861,TRUE,3,CUST-003,sales_staff,FALSE
425,2/28/2025,384,35,13440,TRUE,5,CUST-005,sales_staff,FALSE
426,2/28/2025,396,36,14256,TRUE,12,CUST-012,sales_staff,FALSE
427,2/28/2025,1821,35,63735,TRUE,25,CUST-025,sales_staff,FALSE
428,2/28/2025,689,36,24804,TRUE,21,CUST-021,sales_staff,FALSE
429,2/28/2025,453,35,15855,TRUE,7,CUST-007,sales_staff,FALSE
430,3/1/2025,1089,35,38115,TRUE,13,CUST-013,sales_staff,FALSE
431,3/1/2025,654,37,24198,TRUE,7,CUST-007,sales_staff,FALSE
432,3/1/2025,1233,36,44388,TRUE,18,CUST-018,sales_staff,FALSE
433,3/1/2025,446,37,16502,TRUE,20,CUST-020,sales_staff,FALSE
434,3/1/2025,1054,37,38998,TRUE,24,CUST-024,sales_staff,FALSE
435,3/2/2025,2451,36,88236,TRUE,25,CUST-025,sales_staff,FALSE
436,3/2/2025,461,35,16135,TRUE,9,CUST-009,sales_staff,FALSE
437,3/2/2025,1150,36,41400,TRUE,18,CUST-018,sales_staff,FALSE
438,3/2/2025,610,36,21960,TRUE,7,CUST-007,sales_staff,FALSE
439,3/2/2025,218,37,8066,TRUE,16,CUST-016,sales_staff,FALSE
440,3/3/2025,3144,35,110040,TRUE,25,CUST-025,sales_staff,FALSE
441,3/3/2025,538,36,19368,TRUE,17,CUST-017,sales_staff,FALSE
442,3/3/2025,1371,36,49356,TRUE,6,CUST-006,sales_staff,FALSE
443,3/3/2025,261,37,9657,TRUE,15,CUST-015,sales_staff,FALSE
444,3/4/2025,1253,35,43855,TRUE,8,CUST-008,sales_staff,TRUE
445,3/4/2025,862,35,30170,TRUE,4,CUST-004,sales_staff,TRUE
446,3/4/2025,748,35,26180,TRUE,11,CUST-011,sales_staff,TRUE
447,3/4/2025,1757,35,61495,TRUE,13,CUST-013,sales_staff,TRUE
448,3/4/2025,1604,35,56140,TRUE,21,CUST-021,sales_staff,TRUE
449,3/5/2025,175,35,6125,TRUE,23,CUST-023,sales_staff,FALSE
450,3/5/2025,242,36,8712,TRUE,11,CUST-011,sales_staff,FALSE
451,3/5/2025,418,35,14630,TRUE,22,CUST-022,sales_staff,FALSE
452,3/5/2025,518,37,19166,TRUE,21,CUST-021,sales_staff,FALSE
453,3/5/2025,643,36,23148,TRUE,18,CUST-018,sales_staff,FALSE
454,3/5/2025,567,35,19845,TRUE,3,CUST-003,sales_staff,FALSE
455,3/5/2025,1371,35,47985,TRUE,25,CUST-025,sales_staff,FALSE
456,3/5/2025,164,35,5740,TRUE,19,CUST-019,sales_staff,FALSE
457,3/5/2025,550,36,19800,TRUE,24,CUST-024,sales_staff,FALSE
458,3/5/2025,598,35,20930,TRUE,6,CUST-006,sales_staff,FALSE
459,3/6/2025,442,35,15470,TRUE,9,CUST-009,sales_staff,FALSE
460,3/6/2025,974,35,34090,TRUE,13,CUST-013,sales_staff,FALSE
461,3/6/2025,2352,34,79968,TRUE,25,CUST-025,sales_staff,FALSE
462,3/6/2025,585,35,20475,TRUE,7,CUST-007,sales_staff,FALSE
463,3/6/2025,889,36,32004,TRUE,21,CUST-021,sales_staff,FALSE
464,3/6/2025,402,36,14472,TRUE,17,CUST-017,sales_staff,FALSE
465,3/7/2025,558,35,19530,TRUE,21,CUST-021,sales_staff,FALSE
466,3/7/2025,593,35,20755,TRUE,24,CUST-024,sales_staff,FALSE
467,3/7/2025,451,35,15785,TRUE,22,CUST-022,sales_staff,FALSE
468,3/7/2025,610,35,21350,TRUE,3,CUST-003,sales_staff,FALSE
469,3/7/2025,612,35,21420,TRUE,13,CUST-013,sales_staff,FALSE
470,3/7/2025,436,36,15696,TRUE,8,CUST-008,sales_staff,FALSE
471,3/7/2025,348,34,11832,TRUE,10,CUST-010,sales_staff,FALSE
472,3/7/2025,644,34,21896,TRUE,6,CUST-006,sales_staff,FALSE
473,3/7/2025,1477,35,51695,TRUE,25,CUST-025,sales_staff,FALSE
474,3/7/2025,300,36,10800,TRUE,4,CUST-004,sales_staff,FALSE
475,3/8/2025,619,35,21665,TRUE,3,CUST-003,sales_staff,FALSE
476,3/8/2025,1498,35,52430,TRUE,25,CUST-025,sales_staff,FALSE
477,3/8/2025,254,37,9398,TRUE,20,CUST-020,sales_staff,FALSE
478,3/8/2025,316,35,11060,TRUE,5,CUST-005,sales_staff,FALSE
479,3/8/2025,213,37,7881,TRUE,14,CUST-014,sales_staff,FALSE
480,3/8/2025,325,35,11375,TRUE,12,CUST-012,sales_staff,FALSE
481,3/8/2025,653,35,22855,TRUE,6,CUST-006,sales_staff,FALSE
482,3/8/2025,304,35,10640,TRUE,4,CUST-004,sales_staff,FALSE
483,3/8/2025,373,35,13055,TRUE,7,CUST-007,sales_staff,FALSE
484,3/8/2025,601,35,21035,TRUE,24,CUST-024,sales_staff,FALSE
485,3/9/2025,759,35,26565,TRUE,3,CUST-003,sales_staff,FALSE
486,3/9/2025,863,37,31931,TRUE,18,CUST-018,sales_staff,FALSE
487,3/9/2025,374,35,13090,TRUE,4,CUST-004,sales_staff,FALSE
488,3/9/2025,561,35,19635,TRUE,22,CUST-022,sales_staff,FALSE
489,3/9/2025,399,35,13965,TRUE,12,CUST-012,sales_staff,FALSE
490,3/9/2025,737,35,25795,TRUE,24,CUST-024,sales_staff,FALSE
491,3/9/2025,242,35,8470,TRUE,1,CUST-001,sales_staff,FALSE
492,3/10/2025,1118,37,41366,TRUE,24,CUST-024,sales_staff,FALSE
493,3/10/2025,1152,35,40320,TRUE,3,CUST-003,sales_staff,FALSE
494,3/10/2025,1155,35,40425,TRUE,13,CUST-013,sales_staff,FALSE
495,3/10/2025,366,36,13176,TRUE,1,CUST-001,sales_staff,FALSE
496,3/10/2025,824,35,28840,TRUE,8,CUST-008,sales_staff,FALSE
497,3/10/2025,524,36,18864,TRUE,9,CUST-009,sales_staff,FALSE
498,3/10/2025,588,36,21168,TRUE,5,CUST-005,sales_staff,FALSE
499,3/11/2025,425,34,14450,TRUE,7,CUST-007,sales_staff,FALSE
500,3/11/2025,802,34,27268,TRUE,18,CUST-018,sales_staff,FALSE
501,3/11/2025,708,37,26196,TRUE,13,CUST-013,sales_staff,FALSE
502,3/11/2025,685,36,24660,TRUE,24,CUST-024,sales_staff,FALSE
503,3/11/2025,706,35,24710,TRUE,3,CUST-003,sales_staff,FALSE
504,3/11/2025,745,35,26075,TRUE,6,CUST-006,sales_staff,FALSE
505,3/11/2025,646,35,22610,TRUE,21,CUST-021,sales_staff,FALSE
506,3/12/2025,820,37,30340,TRUE,3,CUST-003,sales_staff,FALSE
507,3/12/2025,1984,35,69440,TRUE,25,CUST-025,sales_staff,FALSE
508,3/12/2025,750,36,27000,TRUE,21,CUST-021,sales_staff,FALSE
509,3/12/2025,606,36,21816,TRUE,22,CUST-022,sales_staff,FALSE
510,3/12/2025,373,35,13055,TRUE,9,CUST-009,sales_staff,FALSE
511,3/12/2025,337,35,11795,TRUE,20,CUST-020,sales_staff,FALSE
512,3/12/2025,253,35,8855,TRUE,23,CUST-023,sales_staff,FALSE
513,3/13/2025,365,36,13140,TRUE,7,CUST-007,sales_staff,FALSE
514,3/13/2025,554,35,19390,TRUE,21,CUST-021,sales_staff,FALSE
515,3/13/2025,688,34,23392,TRUE,18,CUST-018,sales_staff,FALSE
516,3/13/2025,588,35,20580,TRUE,24,CUST-024,sales_staff,FALSE
517,3/13/2025,1465,35,51275,TRUE,25,CUST-025,sales_staff,FALSE
518,3/13/2025,639,36,23004,TRUE,6,CUST-006,sales_staff,FALSE
519,3/13/2025,433,35,15155,TRUE,8,CUST-008,sales_staff,FALSE
520,3/13/2025,275,34,9350,TRUE,9,CUST-009,sales_staff,FALSE
521,3/13/2025,309,35,10815,TRUE,5,CUST-005,sales_staff,FALSE
522,3/14/2025,566,35,19810,TRUE,10,CUST-010,sales_staff,FALSE
523,3/14/2025,991,35,34685,TRUE,3,CUST-003,sales_staff,FALSE
524,3/14/2025,907,36,32652,TRUE,21,CUST-021,sales_staff,FALSE
525,3/14/2025,316,35,11060,TRUE,1,CUST-001,sales_staff,FALSE
526,3/14/2025,732,35,25620,TRUE,22,CUST-022,sales_staff,FALSE
527,3/14/2025,2399,34,81566,TRUE,25,CUST-025,sales_staff,FALSE
528,3/15/2025,2383,35,83405,TRUE,25,CUST-025,sales_staff,FALSE
529,3/15/2025,485,35,16975,TRUE,4,CUST-004,sales_staff,FALSE
530,3/15/2025,286,35,10010,TRUE,19,CUST-019,sales_staff,FALSE
531,3/15/2025,562,36,20232,TRUE,10,CUST-010,sales_staff,FALSE
532,3/15/2025,448,36,16128,TRUE,9,CUST-009,sales_staff,FALSE
533,3/15/2025,956,35,33460,TRUE,24,CUST-024,sales_staff,FALSE
534,3/16/2025,385,36,13860,TRUE,4,CUST-004,sales_staff,FALSE
535,3/16/2025,826,34,28084,TRUE,6,CUST-006,sales_staff,FALSE
536,3/16/2025,1894,36,68184,TRUE,25,CUST-025,sales_staff,FALSE
537,3/16/2025,399,37,14763,TRUE,5,CUST-005,sales_staff,FALSE
538,3/16/2025,578,36,20808,TRUE,22,CUST-022,sales_staff,FALSE
539,3/16/2025,411,35,14385,TRUE,12,CUST-012,sales_staff,FALSE
540,3/17/2025,542,37,20054,TRUE,22,CUST-022,sales_staff,FALSE
541,3/17/2025,1776,37,65712,TRUE,25,CUST-025,sales_staff,FALSE
542,3/17/2025,213,35,7455,TRUE,19,CUST-019,sales_staff,FALSE
543,3/17/2025,313,35,10955,TRUE,11,CUST-011,sales_staff,FALSE
544,3/17/2025,734,35,25690,TRUE,3,CUST-003,sales_staff,FALSE
545,3/17/2025,334,35,11690,TRUE,9,CUST-009,sales_staff,FALSE
546,3/17/2025,833,35,29155,TRUE,18,CUST-018,sales_staff,FALSE
547,3/17/2025,374,35,13090,TRUE,5,CUST-005,sales_staff,FALSE
548,3/17/2025,736,36,26496,TRUE,13,CUST-013,sales_staff,FALSE
549,3/18/2025,1866,35,65310,TRUE,3,CUST-003,sales_staff,FALSE
550,3/18/2025,157,37,5809,TRUE,2,CUST-002,sales_staff,FALSE
551,3/18/2025,575,34,19550,TRUE,23,CUST-023,sales_staff,FALSE
552,3/18/2025,849,37,31413,TRUE,9,CUST-009,sales_staff,FALSE
553,3/18/2025,2120,35,74200,TRUE,18,CUST-018,sales_staff,FALSE
554,3/19/2025,946,35,33110,TRUE,8,CUST-008,sales_staff,FALSE
555,3/19/2025,797,34,27098,TRUE,7,CUST-007,sales_staff,FALSE
556,3/19/2025,547,35,19145,TRUE,17,CUST-017,sales_staff,FALSE
557,3/19/2025,3203,35,112105,TRUE,25,CUST-025,sales_staff,FALSE
558,3/20/2025,2124,35,74340,TRUE,6,CUST-006,sales_staff,TRUE
559,3/20/2025,1953,35,68355,TRUE,24,CUST-024,sales_staff,TRUE
560,3/20/2025,1058,35,37030,TRUE,12,CUST-012,sales_staff,TRUE
561,3/20/2025,1439,36,51804,TRUE,8,CUST-008,sales_staff,TRUE
562,3/21/2025,303,35,10605,TRUE,17,CUST-017,sales_staff,FALSE
563,3/21/2025,711,34,24174,TRUE,24,CUST-024,sales_staff,FALSE
564,3/21/2025,441,36,15876,TRUE,7,CUST-007,sales_staff,FALSE
565,3/21/2025,773,35,27055,TRUE,6,CUST-006,sales_staff,FALSE
566,3/21/2025,418,35,14630,TRUE,10,CUST-010,sales_staff,FALSE
567,3/21/2025,385,35,13475,TRUE,12,CUST-012,sales_staff,FALSE
568,3/21/2025,541,34,18394,TRUE,22,CUST-022,sales_staff,FALSE
569,3/21/2025,313,36,11268,TRUE,11,CUST-011,sales_staff,FALSE
570,3/21/2025,1773,35,62055,TRUE,25,CUST-025,sales_staff,FALSE
571,3/22/2025,196,35,6860,TRUE,16,CUST-016,sales_staff,FALSE
572,3/22/2025,447,35,15645,TRUE,4,CUST-004,sales_staff,FALSE
573,3/22/2025,1032,35,36120,TRUE,18,CUST-018,sales_staff,FALSE
574,3/22/2025,2198,36,79128,TRUE,25,CUST-025,sales_staff,FALSE
575,3/22/2025,882,36,31752,TRUE,24,CUST-024,sales_staff,FALSE
576,3/23/2025,1039,35,36365,TRUE,3,CUST-003,sales_staff,FALSE
577,3/23/2025,443,35,15505,TRUE,11,CUST-011,sales_staff,FALSE
578,3/23/2025,427,35,14945,TRUE,20,CUST-020,sales_staff,FALSE
579,3/23/2025,530,35,18550,TRUE,5,CUST-005,sales_staff,FALSE
580,3/23/2025,742,35,25970,TRUE,8,CUST-008,sales_staff,FALSE
581,3/23/2025,625,35,21875,TRUE,7,CUST-007,sales_staff,FALSE
582,3/23/2025,767,37,28379,TRUE,22,CUST-022,sales_staff,FALSE
583,3/24/2025,806,35,28210,TRUE,24,CUST-024,sales_staff,FALSE
584,3/24/2025,341,35,11935,TRUE,20,CUST-020,sales_staff,FALSE
585,3/24/2025,2009,36,72324,TRUE,25,CUST-025,sales_staff,FALSE
586,3/24/2025,830,35,29050,TRUE,3,CUST-003,sales_staff,FALSE
587,3/24/2025,408,35,14280,TRUE,4,CUST-004,sales_staff,FALSE
588,3/24/2025,354,35,12390,TRUE,11,CUST-011,sales_staff,FALSE
589,3/24/2025,613,35,21455,TRUE,22,CUST-022,sales_staff,FALSE
590,3/25/2025,777,35,27195,TRUE,6,CUST-006,sales_staff,TRUE
591,3/25/2025,1782,35,62370,TRUE,25,CUST-025,sales_staff,TRUE
592,3/25/2025,253,35,8855,TRUE,14,CUST-014,sales_staff,TRUE
593,3/25/2025,376,34,12784,TRUE,5,CUST-005,sales_staff,TRUE
594,3/25/2025,836,36,30096,TRUE,18,CUST-018,sales_staff,TRUE
595,3/25/2025,715,35,25025,TRUE,24,CUST-024,sales_staff,TRUE
596,3/25/2025,159,36,5724,TRUE,16,CUST-016,sales_staff,TRUE
597,3/25/2025,526,35,18410,TRUE,8,CUST-008,sales_staff,TRUE
598,3/25/2025,362,35,12670,TRUE,4,CUST-004,sales_staff,TRUE
599,3/26/2025,219,35,7665,TRUE,23,CUST-023,sales_staff,FALSE
600,3/26/2025,1723,35,60305,TRUE,25,CUST-025,sales_staff,FALSE
601,3/26/2025,809,35,28315,TRUE,18,CUST-018,sales_staff,FALSE
602,3/26/2025,429,35,15015,TRUE,7,CUST-007,sales_staff,FALSE
603,3/26/2025,691,35,24185,TRUE,24,CUST-024,sales_staff,FALSE
604,3/26/2025,526,35,18410,TRUE,22,CUST-022,sales_staff,FALSE
605,3/26/2025,363,37,13431,TRUE,5,CUST-005,sales_staff,FALSE
606,3/26/2025,652,35,22820,TRUE,21,CUST-021,sales_staff,FALSE
607,3/27/2025,569,35,19915,TRUE,11,CUST-011,sales_staff,FALSE
608,3/27/2025,701,35,24535,TRUE,12,CUST-012,sales_staff,FALSE
609,3/27/2025,1220,35,42700,TRUE,21,CUST-021,sales_staff,FALSE
610,3/27/2025,607,35,21245,TRUE,9,CUST-009,sales_staff,FALSE
611,3/27/2025,1337,34,45458,TRUE,13,CUST-013,sales_staff,FALSE
612,3/27/2025,761,35,26635,TRUE,10,CUST-010,sales_staff,FALSE
613,3/27/2025,112,36,4032,TRUE,2,CUST-002,sales_staff,FALSE
614,3/28/2025,728,35,25480,TRUE,13,CUST-013,sales_staff,FALSE
615,3/28/2025,824,36,29664,TRUE,18,CUST-018,sales_staff,FALSE
616,3/28/2025,414,35,14490,TRUE,10,CUST-010,sales_staff,FALSE
617,3/28/2025,382,35,13370,TRUE,12,CUST-012,sales_staff,FALSE
618,3/28/2025,726,35,25410,TRUE,3,CUST-003,sales_staff,FALSE
619,3/28/2025,664,34,22576,TRUE,21,CUST-021,sales_staff,FALSE
620,3/28/2025,705,35,24675,TRUE,24,CUST-024,sales_staff,FALSE
621,3/28/2025,519,35,18165,TRUE,8,CUST-008,sales_staff,FALSE
622,3/28/2025,231,36,8316,TRUE,1,CUST-001,sales_staff,FALSE
623,3/28/2025,536,35,18760,TRUE,22,CUST-022,sales_staff,FALSE
624,3/29/2025,911,36,32796,TRUE,24,CUST-024,sales_staff,FALSE
625,3/29/2025,323,34,10982,TRUE,14,CUST-014,sales_staff,FALSE
626,3/29/2025,400,36,14400,TRUE,11,CUST-011,sales_staff,FALSE
627,3/29/2025,859,35,30065,TRUE,21,CUST-021,sales_staff,FALSE
628,3/29/2025,2271,34,77214,TRUE,25,CUST-025,sales_staff,FALSE
629,3/30/2025,205,35,7175,TRUE,1,CUST-001,sales_staff,FALSE
630,3/30/2025,733,35,25655,TRUE,18,CUST-018,sales_staff,FALSE
631,3/30/2025,461,36,16596,TRUE,8,CUST-008,sales_staff,FALSE
632,3/30/2025,330,35,11550,TRUE,5,CUST-005,sales_staff,FALSE
633,3/30/2025,590,36,21240,TRUE,21,CUST-021,sales_staff,FALSE
634,3/30/2025,388,36,13968,TRUE,7,CUST-007,sales_staff,FALSE
635,3/30/2025,645,35,22575,TRUE,3,CUST-003,sales_staff,FALSE
636,3/30/2025,1561,35,54635,TRUE,25,CUST-025,sales_staff,FALSE
637,3/31/2025,1754,35,61390,TRUE,25,CUST-025,sales_staff,FALSE
638,3/31/2025,370,34,12580,TRUE,5,CUST-005,sales_staff,FALSE
639,3/31/2025,823,36,29628,TRUE,18,CUST-018,sales_staff,FALSE
640,3/31/2025,663,36,23868,TRUE,21,CUST-021,sales_staff,FALSE
641,3/31/2025,309,35,10815,TRUE,11,CUST-011,sales_staff,FALSE
642,3/31/2025,726,36,26136,TRUE,13,CUST-013,sales_staff,FALSE
643,3/31/2025,725,35,25375,TRUE,3,CUST-003,sales_staff,FALSE
644,4/1/2025,1068,34,36312,TRUE,6,CUST-006,sales_staff,FALSE
645,4/1/2025,747,35,26145,TRUE,22,CUST-022,sales_staff,FALSE
646,4/1/2025,348,35,12180,TRUE,14,CUST-014,sales_staff,FALSE
647,4/1/2025,1149,35,40215,TRUE,18,CUST-018,sales_staff,FALSE
648,4/1/2025,516,35,18060,TRUE,5,CUST-005,sales_staff,FALSE
649,4/1/2025,577,35,20195,TRUE,10,CUST-010,sales_staff,FALSE
650,4/2/2025,730,35,25550,TRUE,6,CUST-006,sales_staff,FALSE
651,4/2/2025,416,36,14976,TRUE,7,CUST-007,sales_staff,FALSE
652,4/2/2025,511,36,18396,TRUE,22,CUST-022,sales_staff,FALSE
653,4/2/2025,495,35,17325,TRUE,8,CUST-008,sales_staff,FALSE
654,4/2/2025,633,35,22155,TRUE,21,CUST-021,sales_staff,FALSE
655,4/2/2025,353,35,12355,TRUE,5,CUST-005,sales_staff,FALSE
656,4/2/2025,671,35,23485,TRUE,24,CUST-024,sales_staff,FALSE
657,4/2/2025,786,35,27510,TRUE,18,CUST-018,sales_staff,FALSE
658,4/3/2025,245,36,8820,TRUE,5,CUST-005,sales_staff,FALSE
659,4/3/2025,545,36,19620,TRUE,18,CUST-018,sales_staff,FALSE
660,4/3/2025,289,35,10115,TRUE,7,CUST-007,sales_staff,FALSE
661,4/3/2025,218,37,8066,TRUE,9,CUST-009,sales_staff,FALSE
662,4/3/2025,480,35,16800,TRUE,3,CUST-003,sales_staff,FALSE
663,4/3/2025,140,35,4900,TRUE,19,CUST-019,sales_staff,FALSE
664,4/3/2025,439,37,16243,TRUE,21,CUST-021,sales_staff,FALSE
665,4/3/2025,236,37,8732,TRUE,4,CUST-004,sales_staff,FALSE
666,4/3/2025,1162,35,40670,TRUE,25,CUST-025,sales_staff,FALSE
667,4/3/2025,466,37,17242,TRUE,24,CUST-024,sales_staff,FALSE
668,4/4/2025,1034,35,36190,TRUE,3,CUST-003,sales_staff,FALSE
669,4/4/2025,1174,35,41090,TRUE,18,CUST-018,sales_staff,FALSE
670,4/4/2025,1036,35,36260,TRUE,13,CUST-013,sales_staff,FALSE
671,4/4/2025,470,36,16920,TRUE,9,CUST-009,sales_staff,FALSE
672,4/4/2025,763,35,26705,TRUE,22,CUST-022,sales_staff,FALSE
673,4/5/2025,402,35,14070,TRUE,23,CUST-023,sales_staff,FALSE
674,4/5/2025,448,35,15680,TRUE,14,CUST-014,sales_staff,FALSE
675,4/5/2025,1266,35,44310,TRUE,24,CUST-024,sales_staff,FALSE
676,4/5/2025,932,35,32620,TRUE,8,CUST-008,sales_staff,FALSE
677,4/5/2025,962,35,33670,TRUE,22,CUST-022,sales_staff,FALSE
678,4/6/2025,681,36,24516,TRUE,22,CUST-022,sales_staff,FALSE
679,4/6/2025,974,36,35064,TRUE,6,CUST-006,sales_staff,FALSE
680,4/6/2025,844,35,29540,TRUE,21,CUST-021,sales_staff,FALSE
681,4/6/2025,294,36,10584,TRUE,1,CUST-001,sales_staff,FALSE
682,4/6/2025,923,35,32305,TRUE,3,CUST-003,sales_staff,FALSE
683,4/7/2025,686,35,24010,TRUE,10,CUST-010,sales_staff,FALSE
684,4/7/2025,1100,35,38500,TRUE,21,CUST-021,sales_staff,FALSE
685,4/7/2025,724,34,24616,TRUE,7,CUST-007,sales_staff,FALSE
686,4/7/2025,1365,35,47775,TRUE,18,CUST-018,sales_staff,FALSE
687,4/7/2025,888,35,31080,TRUE,22,CUST-022,sales_staff,FALSE
688,4/8/2025,869,37,32153,TRUE,21,CUST-021,sales_staff,FALSE
689,4/8/2025,952,36,34272,TRUE,13,CUST-013,sales_staff,FALSE
690,4/8/2025,679,35,23765,TRUE,8,CUST-008,sales_staff,FALSE
691,4/8/2025,1003,36,36108,TRUE,6,CUST-006,sales_staff,FALSE
692,4/8/2025,702,35,24570,TRUE,22,CUST-022,sales_staff,FALSE
693,4/8/2025,302,36,10872,TRUE,1,CUST-001,sales_staff,FALSE
694,4/8/2025,205,35,7175,TRUE,16,CUST-016,sales_staff,FALSE
695,4/9/2025,150,35,5250,TRUE,1,CUST-001,sales_staff,FALSE
696,4/9/2025,472,35,16520,TRUE,3,CUST-003,sales_staff,FALSE
697,4/9/2025,498,35,17430,TRUE,6,CUST-006,sales_staff,FALSE
698,4/9/2025,1142,36,41112,TRUE,25,CUST-025,sales_staff,FALSE
699,4/9/2025,536,35,18760,TRUE,18,CUST-018,sales_staff,FALSE
700,4/9/2025,473,35,16555,TRUE,13,CUST-013,sales_staff,FALSE
701,4/9/2025,102,37,3774,TRUE,16,CUST-016,sales_staff,FALSE
702,4/9/2025,248,35,8680,TRUE,12,CUST-012,sales_staff,FALSE
703,4/9/2025,284,36,10224,TRUE,7,CUST-007,sales_staff,FALSE
704,4/9/2025,232,35,8120,TRUE,4,CUST-004,sales_staff,FALSE
705,4/10/2025,580,35,20300,TRUE,11,CUST-011,sales_staff,FALSE
706,4/10/2025,562,35,19670,TRUE,17,CUST-017,sales_staff,FALSE
707,4/10/2025,432,35,15120,TRUE,1,CUST-001,sales_staff,FALSE
708,4/10/2025,3289,35,115115,TRUE,25,CUST-025,sales_staff,FALSE
709,4/11/2025,1048,34,35632,TRUE,24,CUST-024,sales_staff,FALSE
710,4/11/2025,531,35,18585,TRUE,4,CUST-004,sales_staff,FALSE
711,4/11/2025,2613,35,91455,TRUE,25,CUST-025,sales_staff,FALSE
712,4/11/2025,617,37,22829,TRUE,10,CUST-010,sales_staff,FALSE
713,4/12/2025,177,35,6195,TRUE,1,CUST-001,sales_staff,FALSE
714,4/12/2025,508,36,18288,TRUE,21,CUST-021,sales_staff,FALSE
715,4/12/2025,555,35,19425,TRUE,3,CUST-003,sales_staff,FALSE
716,4/12/2025,586,35,20510,TRUE,6,CUST-006,sales_staff,FALSE
717,4/12/2025,1344,35,47040,TRUE,25,CUST-025,sales_staff,FALSE
718,4/12/2025,631,35,22085,TRUE,18,CUST-018,sales_staff,FALSE
719,4/13/2025,826,35,28910,TRUE,24,CUST-024,sales_staff,FALSE
720,4/13/2025,2058,35,72030,TRUE,25,CUST-025,sales_staff,FALSE
721,4/13/2025,418,34,14212,TRUE,4,CUST-004,sales_staff,FALSE
722,4/13/2025,778,35,27230,TRUE,21,CUST-021,sales_staff,FALSE
723,4/14/2025,2009,36,72324,TRUE,25,CUST-025,sales_staff,FALSE
724,4/14/2025,436,34,14824,TRUE,12,CUST-012,sales_staff,FALSE
725,4/14/2025,806,34,27404,TRUE,24,CUST-024,sales_staff,FALSE
726,4/14/2025,167,35,5845,TRUE,15,CUST-015,sales_staff,FALSE
727,4/14/2025,500,35,17500,TRUE,7,CUST-007,sales_staff,FALSE
728,4/14/2025,343,34,11662,TRUE,17,CUST-017,sales_staff,FALSE
729,4/14/2025,424,36,15264,TRUE,5,CUST-005,sales_staff,FALSE
730,4/14/2025,241,35,8435,TRUE,19,CUST-019,sales_staff,FALSE
731,4/15/2025,318,37,11766,TRUE,7,CUST-007,sales_staff,FALSE
732,4/15/2025,270,35,9450,TRUE,5,CUST-005,sales_staff,FALSE
733,4/15/2025,378,35,13230,TRUE,8,CUST-008,sales_staff,FALSE
734,4/15/2025,601,36,21636,TRUE,18,CUST-018,sales_staff,FALSE
735,4/15/2025,154,34,5236,TRUE,19,CUST-019,sales_staff,FALSE
736,4/15/2025,1280,36,46080,TRUE,25,CUST-025,sales_staff,FALSE
737,4/15/2025,391,36,14076,TRUE,22,CUST-022,sales_staff,FALSE
738,4/15/2025,182,36,6552,TRUE,14,CUST-014,sales_staff,FALSE
739,4/15/2025,513,34,17442,TRUE,24,CUST-024,sales_staff,FALSE
740,4/16/2025,1049,36,37764,TRUE,18,CUST-018,sales_staff,FALSE
741,4/16/2025,394,35,13790,TRUE,11,CUST-011,sales_staff,FALSE
742,4/16/2025,420,35,14700,TRUE,9,CUST-009,sales_staff,FALSE
743,4/16/2025,897,34,30498,TRUE,24,CUST-024,sales_staff,FALSE
744,4/16/2025,472,34,16048,TRUE,5,CUST-005,sales_staff,FALSE
745,4/16/2025,186,36,6696,TRUE,15,CUST-015,sales_staff,FALSE
746,4/16/2025,454,35,15890,TRUE,4,CUST-004,sales_staff,FALSE
747,4/16/2025,285,35,9975,TRUE,23,CUST-023,sales_staff,FALSE
748,4/17/2025,507,34,17238,TRUE,7,CUST-007,sales_staff,FALSE
749,4/17/2025,2039,34,69326,TRUE,25,CUST-025,sales_staff,FALSE
750,4/17/2025,843,34,28662,TRUE,3,CUST-003,sales_staff,FALSE
751,4/17/2025,889,37,32893,TRUE,6,CUST-006,sales_staff,FALSE
752,4/18/2025,1543,35,54005,TRUE,25,CUST-025,sales_staff,FALSE
753,4/18/2025,290,35,10150,TRUE,9,CUST-009,sales_staff,FALSE
754,4/18/2025,724,35,25340,TRUE,18,CUST-018,sales_staff,FALSE
755,4/18/2025,185,35,6475,TRUE,19,CUST-019,sales_staff,FALSE
756,4/18/2025,673,35,23555,TRUE,6,CUST-006,sales_staff,FALSE
757,4/18/2025,471,34,16014,TRUE,22,CUST-022,sales_staff,FALSE
758,4/18/2025,264,35,9240,TRUE,17,CUST-017,sales_staff,FALSE
759,4/18/2025,272,35,9520,TRUE,11,CUST-011,sales_staff,FALSE
760,4/19/2025,567,36,20412,TRUE,18,CUST-018,sales_staff,FALSE
761,4/19/2025,457,35,15995,TRUE,21,CUST-021,sales_staff,FALSE
762,4/19/2025,1207,35,42245,TRUE,25,CUST-025,sales_staff,FALSE
763,4/19/2025,499,36,17964,TRUE,3,CUST-003,sales_staff,FALSE
764,4/19/2025,245,35,8575,TRUE,4,CUST-004,sales_staff,FALSE
765,4/19/2025,213,35,7455,TRUE,11,CUST-011,sales_staff,FALSE
766,4/19/2025,484,36,17424,TRUE,24,CUST-024,sales_staff,FALSE
767,4/19/2025,154,37,5698,TRUE,23,CUST-023,sales_staff,FALSE
768,4/19/2025,159,35,5565,TRUE,1,CUST-001,sales_staff,FALSE
769,4/19/2025,285,35,9975,TRUE,10,CUST-010,sales_staff,FALSE
770,4/20/2025,384,35,13440,TRUE,22,CUST-022,sales_staff,FALSE
771,4/20/2025,1257,35,43995,TRUE,25,CUST-025,sales_staff,FALSE
772,4/20/2025,165,35,5775,TRUE,1,CUST-001,sales_staff,FALSE
773,4/20/2025,548,35,19180,TRUE,6,CUST-006,sales_staff,FALSE
774,4/20/2025,590,36,21240,TRUE,18,CUST-018,sales_staff,FALSE
775,4/20/2025,297,35,10395,TRUE,10,CUST-010,sales_staff,FALSE
776,4/20/2025,313,35,10955,TRUE,7,CUST-007,sales_staff,FALSE
777,4/21/2025,244,37,9028,TRUE,17,CUST-017,sales_staff,FALSE
778,4/21/2025,187,34,6358,TRUE,1,CUST-001,sales_staff,FALSE
779,4/21/2025,435,35,15225,TRUE,22,CUST-022,sales_staff,FALSE
780,4/21/2025,538,36,19368,TRUE,21,CUST-021,sales_staff,FALSE
781,4/21/2025,588,35,20580,TRUE,3,CUST-003,sales_staff,FALSE
782,4/21/2025,300,36,10800,TRUE,5,CUST-005,sales_staff,FALSE
783,4/21/2025,590,36,21240,TRUE,13,CUST-013,sales_staff,FALSE
784,4/21/2025,668,37,24716,TRUE,18,CUST-018,sales_staff,FALSE
785,4/21/2025,621,35,21735,TRUE,6,CUST-006,sales_staff,FALSE
786,4/22/2025,1019,35,35665,TRUE,3,CUST-003,sales_staff,FALSE
787,4/22/2025,296,34,10064,TRUE,19,CUST-019,sales_staff,FALSE
788,4/22/2025,2465,35,86275,TRUE,25,CUST-025,sales_staff,FALSE
789,4/22/2025,535,35,18725,TRUE,12,CUST-012,sales_staff,FALSE
790,4/23/2025,1719,35,60165,TRUE,25,CUST-025,sales_staff,FALSE
791,4/23/2025,650,37,24050,TRUE,21,CUST-021,sales_staff,FALSE
792,4/23/2025,525,35,18375,TRUE,22,CUST-022,sales_staff,FALSE
793,4/23/2025,807,37,29859,TRUE,18,CUST-018,sales_staff,FALSE
794,4/23/2025,226,35,7910,TRUE,1,CUST-001,sales_staff,FALSE
795,4/23/2025,153,34,5202,TRUE,16,CUST-016,sales_staff,FALSE
796,4/24/2025,1110,36,39960,TRUE,24,CUST-024,sales_staff,FALSE
797,4/24/2025,818,36,29448,TRUE,8,CUST-008,sales_staff,FALSE
798,4/24/2025,653,36,23508,TRUE,10,CUST-010,sales_staff,FALSE
799,4/24/2025,845,35,29575,TRUE,22,CUST-022,sales_staff,FALSE
800,4/24/2025,1146,36,41256,TRUE,13,CUST-013,sales_staff,FALSE
801,4/25/2025,553,35,19355,TRUE,18,CUST-018,sales_staff,FALSE
802,4/25/2025,278,35,9730,TRUE,10,CUST-010,sales_staff,FALSE
803,4/25/2025,473,37,17501,TRUE,24,CUST-024,sales_staff,FALSE
804,4/25/2025,1178,35,41230,TRUE,25,CUST-025,sales_staff,FALSE
805,4/25/2025,348,36,12528,TRUE,8,CUST-008,sales_staff,FALSE
806,4/25/2025,445,36,16020,TRUE,21,CUST-021,sales_staff,FALSE
807,4/25/2025,514,35,17990,TRUE,6,CUST-006,sales_staff,FALSE
808,4/25/2025,256,35,8960,TRUE,12,CUST-012,sales_staff,FALSE
809,4/25/2025,360,36,12960,TRUE,22,CUST-022,sales_staff,FALSE
810,4/26/2025,1787,35,62545,TRUE,25,CUST-025,sales_staff,FALSE
811,4/26/2025,676,35,23660,TRUE,21,CUST-021,sales_staff,FALSE
812,4/26/2025,740,35,25900,TRUE,13,CUST-013,sales_staff,FALSE
813,4/26/2025,388,36,13968,TRUE,12,CUST-012,sales_staff,FALSE
814,4/26/2025,215,35,7525,TRUE,19,CUST-019,sales_staff,FALSE
815,4/26/2025,336,36,12096,TRUE,9,CUST-009,sales_staff,FALSE
816,4/27/2025,631,35,22085,TRUE,6,CUST-006,sales_staff,FALSE
817,4/27/2025,294,35,10290,TRUE,4,CUST-004,sales_staff,FALSE
818,4/27/2025,679,35,23765,TRUE,18,CUST-018,sales_staff,FALSE
819,4/27/2025,547,36,19692,TRUE,21,CUST-021,sales_staff,FALSE
820,4/27/2025,174,36,6264,TRUE,19,CUST-019,sales_staff,FALSE
821,4/27/2025,1446,35,50610,TRUE,25,CUST-025,sales_staff,FALSE
822,4/27/2025,255,35,8925,TRUE,11,CUST-011,sales_staff,FALSE
823,4/28/2025,1114,36,40104,TRUE,7,CUST-007,sales_staff,FALSE
824,4/28/2025,1366,34,46444,TRUE,22,CUST-022,sales_staff,FALSE
825,4/28/2025,398,35,13930,TRUE,16,CUST-016,sales_staff,FALSE
826,4/28/2025,636,35,22260,TRUE,14,CUST-014,sales_staff,FALSE
827,4/28/2025,1056,35,36960,TRUE,10,CUST-010,sales_staff,FALSE
828,4/29/2025,1668,35,58380,TRUE,13,CUST-013,sales_staff,FALSE
829,4/29/2025,950,35,33250,TRUE,10,CUST-010,sales_staff,FALSE
830,4/29/2025,1189,35,41615,TRUE,8,CUST-008,sales_staff,FALSE
831,4/29/2025,684,36,24624,TRUE,20,CUST-020,sales_staff,FALSE
832,4/30/2025,836,35,29260,TRUE,11,CUST-011,sales_staff,FALSE
833,4/30/2025,811,35,28385,TRUE,17,CUST-017,sales_staff,FALSE
834,4/30/2025,1001,35,35035,TRUE,5,CUST-005,sales_staff,FALSE
835,4/30/2025,674,34,22916,TRUE,14,CUST-014,sales_staff,FALSE
836,4/30/2025,1031,34,35054,TRUE,12,CUST-012,sales_staff,FALSE
837,5/1/2025,1914,35,66990,TRUE,25,CUST-025,sales_staff,FALSE
838,5/1/2025,566,35,19810,TRUE,8,CUST-008,sales_staff,FALSE
839,5/1/2025,793,35,27755,TRUE,13,CUST-013,sales_staff,FALSE
840,5/1/2025,325,35,11375,TRUE,20,CUST-020,sales_staff,FALSE
841,5/1/2025,360,35,12600,TRUE,9,CUST-009,sales_staff,FALSE
842,5/1/2025,404,35,14140,TRUE,5,CUST-005,sales_staff,FALSE
843,5/2/2025,526,35,18410,TRUE,22,CUST-022,sales_staff,FALSE
844,5/2/2025,809,35,28315,TRUE,18,CUST-018,sales_staff,FALSE
845,5/2/2025,351,35,12285,TRUE,4,CUST-004,sales_staff,FALSE
846,5/2/2025,714,35,24990,TRUE,13,CUST-013,sales_staff,FALSE
847,5/2/2025,752,35,26320,TRUE,6,CUST-006,sales_staff,FALSE
848,5/2/2025,1724,35,60340,TRUE,25,CUST-025,sales_staff,FALSE
849,5/3/2025,603,36,21708,TRUE,6,CUST-006,sales_staff,FALSE
850,5/3/2025,235,36,8460,TRUE,20,CUST-020,sales_staff,FALSE
851,5/3/2025,573,36,20628,TRUE,13,CUST-013,sales_staff,FALSE
852,5/3/2025,650,35,22750,TRUE,18,CUST-018,sales_staff,FALSE
853,5/3/2025,326,36,11736,TRUE,10,CUST-010,sales_staff,FALSE
854,5/3/2025,1384,35,48440,TRUE,25,CUST-025,sales_staff,FALSE
855,5/3/2025,237,36,8532,TRUE,17,CUST-017,sales_staff,FALSE
856,5/4/2025,510,34,17340,TRUE,17,CUST-017,sales_staff,FALSE
857,5/4/2025,881,37,32597,TRUE,8,CUST-008,sales_staff,FALSE
858,5/4/2025,910,36,32760,TRUE,22,CUST-022,sales_staff,FALSE
859,5/4/2025,1233,35,43155,TRUE,3,CUST-003,sales_staff,FALSE
860,5/5/2025,386,35,13510,TRUE,9,CUST-009,sales_staff,FALSE
861,5/5/2025,607,34,20638,TRUE,8,CUST-008,sales_staff,FALSE
862,5/5/2025,291,35,10185,TRUE,14,CUST-014,sales_staff,FALSE
863,5/5/2025,417,35,14595,TRUE,4,CUST-004,sales_staff,FALSE
864,5/5/2025,776,35,27160,TRUE,21,CUST-021,sales_staff,FALSE
865,5/5/2025,2053,35,71855,TRUE,25,CUST-025,sales_staff,FALSE
866,5/5/2025,183,35,6405,TRUE,16,CUST-016,sales_staff,FALSE
867,5/6/2025,212,35,7420,TRUE,9,CUST-009,sales_staff,FALSE
868,5/6/2025,491,35,17185,TRUE,6,CUST-006,sales_staff,FALSE
869,5/6/2025,1127,35,39445,TRUE,25,CUST-025,sales_staff,FALSE
870,5/6/2025,245,35,8575,TRUE,12,CUST-012,sales_staff,FALSE
871,5/6/2025,465,35,16275,TRUE,3,CUST-003,sales_staff,FALSE
872,5/6/2025,280,35,9800,TRUE,7,CUST-007,sales_staff,FALSE
873,5/6/2025,452,35,15820,TRUE,24,CUST-024,sales_staff,FALSE
874,5/6/2025,529,36,19044,TRUE,18,CUST-018,sales_staff,FALSE
875,5/6/2025,344,36,12384,TRUE,22,CUST-022,sales_staff,FALSE
876,5/7/2025,232,35,8120,TRUE,9,CUST-009,sales_staff,FALSE
877,5/7/2025,537,35,18795,TRUE,6,CUST-006,sales_staff,FALSE
878,5/7/2025,1232,35,43120,TRUE,25,CUST-025,sales_staff,FALSE
879,5/7/2025,509,35,17815,TRUE,3,CUST-003,sales_staff,FALSE
880,5/7/2025,250,35,8750,TRUE,4,CUST-004,sales_staff,FALSE
881,5/7/2025,268,35,9380,TRUE,12,CUST-012,sales_staff,FALSE
882,5/7/2025,102,35,3570,TRUE,15,CUST-015,sales_staff,FALSE
883,5/7/2025,466,35,16310,TRUE,21,CUST-021,sales_staff,FALSE
884,5/7/2025,510,35,17850,TRUE,13,CUST-013,sales_staff,FALSE
885,5/8/2025,1704,35,59640,TRUE,25,CUST-025,sales_staff,FALSE
886,5/8/2025,743,34,25262,TRUE,6,CUST-006,sales_staff,FALSE
887,5/8/2025,706,35,24710,TRUE,13,CUST-013,sales_staff,FALSE
888,5/8/2025,644,35,22540,TRUE,21,CUST-021,sales_staff,FALSE
889,5/8/2025,291,35,10185,TRUE,17,CUST-017,sales_staff,FALSE
890,5/9/2025,689,37,25493,TRUE,7,CUST-007,sales_staff,FALSE
891,5/9/2025,1301,35,45535,TRUE,18,CUST-018,sales_staff,FALSE
892,5/9/2025,394,35,13790,TRUE,14,CUST-014,sales_staff,FALSE
893,5/9/2025,602,35,21070,TRUE,12,CUST-012,sales_staff,FALSE
894,5/9/2025,1148,35,40180,TRUE,13,CUST-013,sales_staff,FALSE
895,5/9/2025,846,35,29610,TRUE,22,CUST-022,sales_staff,FALSE
896,5/10/2025,570,35,19950,TRUE,8,CUST-008,sales_staff,FALSE
897,5/10/2025,231,34,7854,TRUE,19,CUST-019,sales_staff,FALSE
898,5/10/2025,160,35,5600,TRUE,15,CUST-015,sales_staff,FALSE
899,5/10/2025,905,36,32580,TRUE,18,CUST-018,sales_staff,FALSE
900,5/10/2025,363,35,12705,TRUE,9,CUST-009,sales_staff,FALSE
901,5/10/2025,1929,35,67515,TRUE,25,CUST-025,sales_staff,FALSE
902,5/11/2025,208,35,7280,TRUE,23,CUST-023,sales_staff,FALSE
903,5/11/2025,196,35,6860,TRUE,19,CUST-019,sales_staff,FALSE
904,5/11/2025,483,35,16905,TRUE,8,CUST-008,sales_staff,FALSE
905,5/11/2025,675,34,22950,TRUE,3,CUST-003,sales_staff,FALSE
906,5/11/2025,307,37,11359,TRUE,9,CUST-009,sales_staff,FALSE
907,5/11/2025,655,35,22925,TRUE,24,CUST-024,sales_staff,FALSE
908,5/11/2025,498,34,16932,TRUE,22,CUST-022,sales_staff,FALSE
909,5/11/2025,767,35,26845,TRUE,18,CUST-018,sales_staff,FALSE
910,5/12/2025,402,35,14070,TRUE,7,CUST-007,sales_staff,FALSE
911,5/12/2025,144,36,5184,TRUE,16,CUST-016,sales_staff,FALSE
912,5/12/2025,705,34,23970,TRUE,6,CUST-006,sales_staff,FALSE
913,5/12/2025,381,35,13335,TRUE,10,CUST-010,sales_staff,FALSE
914,5/12/2025,1615,36,58140,TRUE,25,CUST-025,sales_staff,FALSE
915,5/12/2025,648,35,22680,TRUE,24,CUST-024,sales_staff,FALSE
916,5/12/2025,212,35,7420,TRUE,1,CUST-001,sales_staff,FALSE
917,5/12/2025,56,35,1960,TRUE,2,CUST-002,sales_staff,FALSE
918,5/12/2025,328,35,11480,TRUE,4,CUST-004,sales_staff,FALSE
919,5/12/2025,276,35,9660,TRUE,17,CUST-017,sales_staff,FALSE
920,5/13/2025,339,35,11865,TRUE,4,CUST-004,sales_staff,FALSE
921,5/13/2025,394,34,13396,TRUE,10,CUST-010,sales_staff,FALSE
922,5/13/2025,285,36,10260,TRUE,17,CUST-017,sales_staff,FALSE
923,5/13/2025,691,36,24876,TRUE,13,CUST-013,sales_staff,FALSE
924,5/13/2025,1668,36,60048,TRUE,25,CUST-025,sales_staff,FALSE
925,5/13/2025,200,34,6800,TRUE,19,CUST-019,sales_staff,FALSE
926,5/13/2025,415,35,14525,TRUE,7,CUST-007,sales_staff,FALSE
927,5/13/2025,283,35,9905,TRUE,20,CUST-020,sales_staff,FALSE
928,5/13/2025,139,35,4865,TRUE,15,CUST-015,sales_staff,FALSE
929,5/14/2025,332,35,11620,TRUE,20,CUST-020,sales_staff,FALSE
930,5/14/2025,68,37,2516,TRUE,2,CUST-002,sales_staff,FALSE
931,5/14/2025,278,37,10286,TRUE,14,CUST-014,sales_staff,FALSE
932,5/14/2025,1958,34,66572,TRUE,25,CUST-025,sales_staff,FALSE
933,5/14/2025,487,35,17045,TRUE,7,CUST-007,sales_staff,FALSE
934,5/14/2025,809,35,28315,TRUE,3,CUST-003,sales_staff,FALSE
935,5/14/2025,462,36,16632,TRUE,10,CUST-010,sales_staff,FALSE
936,5/15/2025,197,36,7092,TRUE,19,CUST-019,sales_staff,FALSE
937,5/15/2025,1637,36,58932,TRUE,25,CUST-025,sales_staff,FALSE
938,5/15/2025,386,34,13124,TRUE,10,CUST-010,sales_staff,FALSE
939,5/15/2025,678,35,23730,TRUE,13,CUST-013,sales_staff,FALSE
940,5/15/2025,407,36,14652,TRUE,7,CUST-007,sales_staff,FALSE
941,5/15/2025,714,36,25704,TRUE,6,CUST-006,sales_staff,FALSE
942,5/15/2025,308,35,10780,TRUE,9,CUST-009,sales_staff,FALSE
943,5/16/2025,622,35,21770,TRUE,6,CUST-006,sales_staff,FALSE
944,5/16/2025,589,35,20615,TRUE,3,CUST-003,sales_staff,FALSE
945,5/16/2025,355,35,12425,TRUE,7,CUST-007,sales_staff,FALSE
946,5/16/2025,669,37,24753,TRUE,18,CUST-018,sales_staff,FALSE
947,5/16/2025,182,35,6370,TRUE,23,CUST-023,sales_staff,FALSE
948,5/16/2025,1426,36,51336,TRUE,25,CUST-025,sales_staff,FALSE
949,5/16/2025,290,36,10440,TRUE,4,CUST-004,sales_staff,FALSE
950,5/16/2025,301,35,10535,TRUE,5,CUST-005,sales_staff,FALSE
951,5/16/2025,251,36,9036,TRUE,11,CUST-011,sales_staff,FALSE
952,5/16/2025,435,35,15225,TRUE,22,CUST-022,sales_staff,FALSE
953,5/17/2025,781,36,28116,TRUE,18,CUST-018,sales_staff,FALSE
954,5/17/2025,200,35,7000,TRUE,19,CUST-019,sales_staff,FALSE
955,5/17/2025,392,35,13720,TRUE,10,CUST-010,sales_staff,FALSE
956,5/17/2025,491,35,17185,TRUE,8,CUST-008,sales_staff,FALSE
957,5/17/2025,293,36,10548,TRUE,11,CUST-011,sales_staff,FALSE
958,5/17/2025,1663,35,58205,TRUE,25,CUST-025,sales_staff,FALSE
959,5/18/2025,310,36,11160,TRUE,8,CUST-008,sales_staff,FALSE
960,5/18/2025,185,36,6660,TRUE,11,CUST-011,sales_staff,FALSE
961,5/18/2025,458,35,16030,TRUE,6,CUST-006,sales_staff,FALSE
962,5/18/2025,493,36,17748,TRUE,18,CUST-018,sales_staff,FALSE
963,5/18/2025,198,34,6732,TRUE,9,CUST-009,sales_staff,FALSE
964,5/18/2025,1050,34,35700,TRUE,25,CUST-025,sales_staff,FALSE
965,5/18/2025,434,35,15190,TRUE,3,CUST-003,sales_staff,FALSE
966,5/18/2025,214,35,7490,TRUE,4,CUST-004,sales_staff,FALSE
967,5/18/2025,149,35,5215,TRUE,14,CUST-014,sales_staff,FALSE
968,5/18/2025,87,35,3045,TRUE,15,CUST-015,sales_staff,FALSE
969,5/19/2025,549,35,19215,TRUE,6,CUST-006,sales_staff,FALSE
970,5/19/2025,521,35,18235,TRUE,3,CUST-003,sales_staff,FALSE
971,5/19/2025,476,35,16660,TRUE,21,CUST-021,sales_staff,FALSE
972,5/19/2025,591,36,21276,TRUE,18,CUST-018,sales_staff,FALSE
973,5/19/2025,297,37,10989,TRUE,10,CUST-010,sales_staff,FALSE
974,5/19/2025,1260,35,44100,TRUE,25,CUST-025,sales_staff,FALSE
975,5/19/2025,372,35,13020,TRUE,8,CUST-008,sales_staff,FALSE
976,5/20/2025,801,35,28035,TRUE,24,CUST-024,sales_staff,FALSE
977,5/20/2025,825,34,28050,TRUE,3,CUST-003,sales_staff,FALSE
978,5/20/2025,406,35,14210,TRUE,4,CUST-004,sales_staff,FALSE
979,5/20/2025,262,35,9170,TRUE,1,CUST-001,sales_staff,FALSE
980,5/20/2025,754,36,27144,TRUE,21,CUST-021,sales_staff,FALSE
981,5/20/2025,471,36,16956,TRUE,10,CUST-010,sales_staff,FALSE
982,5/20/2025,496,35,17360,TRUE,7,CUST-007,sales_staff,FALSE
983,5/20/2025,609,35,21315,TRUE,22,CUST-022,sales_staff,FALSE
984,5/21/2025,682,36,24552,TRUE,24,CUST-024,sales_staff,FALSE
985,5/21/2025,1700,35,59500,TRUE,25,CUST-025,sales_staff,FALSE
986,5/21/2025,369,36,13284,TRUE,12,CUST-012,sales_staff,FALSE
987,5/21/2025,320,35,11200,TRUE,9,CUST-009,sales_staff,FALSE
988,5/21/2025,741,35,25935,TRUE,6,CUST-006,sales_staff,FALSE
989,5/22/2025,759,35,26565,TRUE,24,CUST-024,sales_staff,FALSE
990,5/22/2025,888,37,32856,TRUE,18,CUST-018,sales_staff,FALSE
991,5/22/2025,411,36,14796,TRUE,12,CUST-012,sales_staff,FALSE
992,5/22/2025,784,35,27440,TRUE,13,CUST-013,sales_staff,FALSE
993,5/22/2025,356,36,12816,TRUE,9,CUST-009,sales_staff,FALSE
994,5/22/2025,471,35,16485,TRUE,7,CUST-007,sales_staff,FALSE
995,5/22/2025,447,36,16092,TRUE,10,CUST-010,sales_staff,FALSE
996,5/23/2025,1708,37,63196,TRUE,25,CUST-025,sales_staff,FALSE
997,5/23/2025,371,35,12985,TRUE,12,CUST-012,sales_staff,FALSE
998,5/23/2025,347,35,12145,TRUE,4,CUST-004,sales_staff,FALSE
999,5/23/2025,802,35,28070,TRUE,18,CUST-018,sales_staff,FALSE
1000,5/23/2025,521,35,18235,TRUE,22,CUST-022,sales_staff,FALSE
1001,5/23/2025,217,35,7595,TRUE,23,CUST-023,sales_staff,FALSE
1002,5/23/2025,205,35,7175,TRUE,19,CUST-019,sales_staff,FALSE
1003,5/23/2025,505,35,17675,TRUE,8,CUST-008,sales_staff,FALSE
1004,5/24/2025,550,35,19250,TRUE,13,CUST-013,sales_staff,FALSE
1005,5/24/2025,579,37,21423,TRUE,6,CUST-006,sales_staff,FALSE
1006,5/24/2025,288,35,10080,TRUE,12,CUST-012,sales_staff,FALSE
1007,5/24/2025,250,36,9000,TRUE,9,CUST-009,sales_staff,FALSE
1008,5/24/2025,405,35,14175,TRUE,22,CUST-022,sales_staff,FALSE
1009,5/24/2025,549,36,19764,TRUE,3,CUST-003,sales_staff,FALSE
1010,5/24/2025,502,34,17068,TRUE,21,CUST-021,sales_staff,FALSE
1011,5/24/2025,1328,35,46480,TRUE,25,CUST-025,sales_staff,FALSE
1012,5/25/2025,297,35,10395,TRUE,9,CUST-009,sales_staff,FALSE
1013,5/25/2025,652,36,23472,TRUE,3,CUST-003,sales_staff,FALSE
1014,5/25/2025,393,35,13755,TRUE,7,CUST-007,sales_staff,FALSE
1015,5/25/2025,278,35,9730,TRUE,11,CUST-011,sales_staff,FALSE
1016,5/25/2025,343,35,12005,TRUE,12,CUST-012,sales_staff,FALSE
1017,5/25/2025,208,35,7280,TRUE,1,CUST-001,sales_staff,FALSE
1018,5/25/2025,689,37,25493,TRUE,6,CUST-006,sales_staff,FALSE
1019,5/25/2025,270,35,9450,TRUE,17,CUST-017,sales_staff,FALSE
1020,5/25/2025,466,36,16776,TRUE,8,CUST-008,sales_staff,FALSE
1021,5/25/2025,372,35,13020,TRUE,10,CUST-010,sales_staff,FALSE
1022,5/26/2025,1520,35,53200,TRUE,25,CUST-025,sales_staff,FALSE
1023,5/26/2025,286,34,9724,TRUE,9,CUST-009,sales_staff,FALSE
1024,5/26/2025,309,35,10815,TRUE,4,CUST-004,sales_staff,FALSE
1025,5/26/2025,464,35,16240,TRUE,22,CUST-022,sales_staff,FALSE
1026,5/26/2025,200,34,6800,TRUE,1,CUST-001,sales_staff,FALSE
1027,5/26/2025,193,37,7141,TRUE,23,CUST-023,sales_staff,FALSE
1028,5/26/2025,610,35,21350,TRUE,24,CUST-024,sales_staff,FALSE
1029,5/26/2025,575,36,20700,TRUE,21,CUST-021,sales_staff,FALSE
1030,5/26/2025,359,35,12565,TRUE,10,CUST-010,sales_staff,FALSE
1031,5/26/2025,320,35,11200,TRUE,5,CUST-005,sales_staff,FALSE
1032,5/27/2025,411,35,14385,TRUE,22,CUST-022,sales_staff,FALSE
1033,5/27/2025,335,34,11390,TRUE,7,CUST-007,sales_staff,FALSE
1034,5/27/2025,191,37,7067,TRUE,14,CUST-014,sales_staff,FALSE
1035,5/27/2025,398,35,13930,TRUE,8,CUST-008,sales_staff,FALSE
1036,5/27/2025,292,35,10220,TRUE,12,CUST-012,sales_staff,FALSE
1037,5/27/2025,1346,34,45764,TRUE,25,CUST-025,sales_staff,FALSE
1038,5/27/2025,558,35,19530,TRUE,13,CUST-013,sales_staff,FALSE
1039,5/27/2025,284,34,9656,TRUE,5,CUST-005,sales_staff,FALSE
1040,5/27/2025,253,34,8602,TRUE,9,CUST-009,sales_staff,FALSE
1041,5/28/2025,213,35,7455,TRUE,19,CUST-019,sales_staff,FALSE
1042,5/28/2025,1773,34,60282,TRUE,25,CUST-025,sales_staff,FALSE
1043,5/28/2025,773,35,27055,TRUE,6,CUST-006,sales_staff,FALSE
1044,5/28/2025,832,35,29120,TRUE,18,CUST-018,sales_staff,FALSE
1045,5/28/2025,735,35,25725,TRUE,13,CUST-013,sales_staff,FALSE
1046,5/29/2025,445,35,15575,TRUE,10,CUST-010,sales_staff,FALSE
1047,5/29/2025,1885,37,69745,TRUE,25,CUST-025,sales_staff,FALSE
1048,5/29/2025,781,35,27335,TRUE,13,CUST-013,sales_staff,FALSE
1049,5/29/2025,354,37,13098,TRUE,9,CUST-009,sales_staff,FALSE
1050,5/29/2025,469,35,16415,TRUE,7,CUST-007,sales_staff,FALSE
1051,5/29/2025,713,35,24955,TRUE,21,CUST-021,sales_staff,FALSE
1052,5/30/2025,450,36,16200,TRUE,22,CUST-022,sales_staff,FALSE
1053,5/30/2025,252,35,8820,TRUE,17,CUST-017,sales_staff,FALSE
1054,5/30/2025,609,36,21924,TRUE,3,CUST-003,sales_staff,FALSE
1055,5/30/2025,1475,35,51625,TRUE,25,CUST-025,sales_staff,FALSE
1056,5/30/2025,122,35,4270,TRUE,15,CUST-015,sales_staff,FALSE
1057,5/30/2025,367,34,12478,TRUE,7,CUST-007,sales_staff,FALSE
1058,5/30/2025,558,35,19530,TRUE,21,CUST-021,sales_staff,FALSE
1059,5/30/2025,592,34,20128,TRUE,24,CUST-024,sales_staff,FALSE
1060,5/30/2025,348,35,12180,TRUE,10,CUST-010,sales_staff,FALSE
1061,5/31/2025,486,35,17010,TRUE,18,CUST-018,sales_staff,FALSE
1062,5/31/2025,428,37,15836,TRUE,13,CUST-013,sales_staff,FALSE
1063,5/31/2025,124,35,4340,TRUE,19,CUST-019,sales_staff,FALSE
1064,5/31/2025,306,35,10710,TRUE,8,CUST-008,sales_staff,FALSE
1065,5/31/2025,1034,35,36190,TRUE,25,CUST-025,sales_staff,FALSE
1066,5/31/2025,257,37,9509,TRUE,7,CUST-007,sales_staff,FALSE
1067,5/31/2025,391,35,13685,TRUE,21,CUST-021,sales_staff,FALSE
1068,5/31/2025,427,35,14945,TRUE,3,CUST-003,sales_staff,FALSE
1069,6/1/2025,868,37,32116,TRUE,6,CUST-006,sales_staff,FALSE
1070,6/1/2025,177,35,6195,TRUE,16,CUST-016,sales_staff,FALSE
1071,6/1/2025,338,35,11830,TRUE,20,CUST-020,sales_staff,FALSE
1072,6/1/2025,495,35,17325,TRUE,7,CUST-007,sales_staff,FALSE
1073,6/1/2025,588,35,20580,TRUE,8,CUST-008,sales_staff,FALSE
1074,6/1/2025,824,35,28840,TRUE,13,CUST-013,sales_staff,FALSE
1075,6/1/2025,282,35,9870,TRUE,14,CUST-014,sales_staff,FALSE
1076,6/2/2025,1761,35,61635,TRUE,25,CUST-025,sales_staff,FALSE
1077,6/2/2025,299,35,10465,TRUE,20,CUST-020,sales_staff,FALSE
1078,6/2/2025,707,34,24038,TRUE,24,CUST-024,sales_staff,FALSE
1079,6/2/2025,520,35,18200,TRUE,8,CUST-008,sales_staff,FALSE
1080,6/2/2025,728,36,26208,TRUE,3,CUST-003,sales_staff,FALSE
1081,6/2/2025,538,35,18830,TRUE,22,CUST-022,sales_staff,FALSE
1082,6/2/2025,331,36,11916,TRUE,9,CUST-009,sales_staff,FALSE
1083,6/2/2025,157,35,5495,TRUE,16,CUST-016,sales_staff,FALSE
1084,6/3/2025,2457,36,88452,TRUE,25,CUST-025,sales_staff,FALSE
1085,6/3/2025,218,35,7630,TRUE,16,CUST-016,sales_staff,FALSE
1086,6/3/2025,726,36,26136,TRUE,8,CUST-008,sales_staff,FALSE
1087,6/3/2025,85,35,2975,TRUE,2,CUST-002,sales_staff,FALSE
1088,6/3/2025,313,35,10955,TRUE,23,CUST-023,sales_staff,FALSE
1089,6/3/2025,1072,35,37520,TRUE,6,CUST-006,sales_staff,FALSE
1090,6/4/2025,1142,37,42254,TRUE,8,CUST-008,sales_staff,FALSE
1091,6/4/2025,1179,35,41265,TRUE,22,CUST-022,sales_staff,FALSE
1092,6/4/2025,840,37,31080,TRUE,12,CUST-012,sales_staff,FALSE
1093,6/4/2025,1462,36,52632,TRUE,21,CUST-021,sales_staff,FALSE
1094,6/5/2025,759,35,26565,TRUE,12,CUST-012,sales_staff,FALSE
1095,6/5/2025,1444,35,50540,TRUE,3,CUST-003,sales_staff,FALSE
1096,6/5/2025,1448,35,50680,TRUE,13,CUST-013,sales_staff,FALSE
1097,6/5/2025,1321,35,46235,TRUE,21,CUST-021,sales_staff,FALSE
1098,6/6/2025,1572,37,58164,TRUE,18,CUST-018,sales_staff,FALSE
1099,6/6/2025,1387,34,47158,TRUE,13,CUST-013,sales_staff,FALSE
1100,6/6/2025,572,35,20020,TRUE,17,CUST-017,sales_staff,FALSE
1101,6/6/2025,1344,34,45696,TRUE,24,CUST-024,sales_staff,FALSE
1102,6/7/2025,499,35,17465,TRUE,22,CUST-022,sales_staff,FALSE
1103,6/7/2025,767,35,26845,TRUE,18,CUST-018,sales_staff,FALSE
1104,6/7/2025,1634,34,55556,TRUE,25,CUST-025,sales_staff,FALSE
1105,6/7/2025,675,35,23625,TRUE,3,CUST-003,sales_staff,FALSE
1106,6/7/2025,713,36,25668,TRUE,6,CUST-006,sales_staff,FALSE
1107,6/7/2025,136,35,4760,TRUE,15,CUST-015,sales_staff,FALSE
1108,6/8/2025,876,36,31536,TRUE,13,CUST-013,sales_staff,FALSE
1109,6/8/2025,645,35,22575,TRUE,22,CUST-022,sales_staff,FALSE
1110,6/8/2025,446,35,15610,TRUE,5,CUST-005,sales_staff,FALSE
1111,6/8/2025,430,37,15910,TRUE,4,CUST-004,sales_staff,FALSE
1112,6/8/2025,993,36,35748,TRUE,18,CUST-018,sales_staff,FALSE
1113,6/8/2025,849,35,29715,TRUE,24,CUST-024,sales_staff,FALSE
1114,6/9/2025,377,35,13195,TRUE,5,CUST-005,sales_staff,FALSE
1115,6/9/2025,148,35,5180,TRUE,15,CUST-015,sales_staff,FALSE
1116,6/9/2025,740,36,26640,TRUE,13,CUST-013,sales_staff,FALSE
1117,6/9/2025,528,36,19008,TRUE,8,CUST-008,sales_staff,FALSE
1118,6/9/2025,254,35,8890,TRUE,14,CUST-014,sales_staff,FALSE
1119,6/9/2025,336,37,12432,TRUE,9,CUST-009,sales_staff,FALSE
1120,6/9/2025,1786,35,62510,TRUE,25,CUST-025,sales_staff,FALSE
1121,6/9/2025,363,36,13068,TRUE,4,CUST-004,sales_staff,FALSE
1122,6/9/2025,545,36,19620,TRUE,22,CUST-022,sales_staff,FALSE
1123,6/10/2025,860,35,30100,TRUE,3,CUST-003,sales_staff,FALSE
1124,6/10/2025,439,35,15365,TRUE,5,CUST-005,sales_staff,FALSE
1125,6/10/2025,834,35,29190,TRUE,24,CUST-024,sales_staff,FALSE
1126,6/10/2025,862,35,30170,TRUE,13,CUST-013,sales_staff,FALSE
1127,6/10/2025,614,35,21490,TRUE,8,CUST-008,sales_staff,FALSE
1128,6/10/2025,356,35,12460,TRUE,17,CUST-017,sales_staff,FALSE
1129,6/10/2025,786,35,27510,TRUE,21,CUST-021,sales_staff,FALSE
1130,6/11/2025,1868,37,69116,TRUE,25,CUST-025,sales_staff,FALSE
1131,6/11/2025,465,35,16275,TRUE,7,CUST-007,sales_staff,FALSE
1132,6/11/2025,750,34,25500,TRUE,24,CUST-024,sales_staff,FALSE
1133,6/11/2025,774,35,27090,TRUE,13,CUST-013,sales_staff,FALSE
1134,6/11/2025,441,35,15435,TRUE,10,CUST-010,sales_staff,FALSE
1135,6/11/2025,570,34,19380,TRUE,22,CUST-022,sales_staff,FALSE
1136,6/11/2025,265,36,9540,TRUE,14,CUST-014,sales_staff,FALSE
1137,6/12/2025,1220,34,41480,TRUE,6,CUST-006,sales_staff,FALSE
1138,6/12/2025,607,34,20638,TRUE,12,CUST-012,sales_staff,FALSE
1139,6/12/2025,590,34,20060,TRUE,5,CUST-005,sales_staff,FALSE
1140,6/12/2025,2796,35,97860,TRUE,25,CUST-025,sales_staff,FALSE
1141,6/13/2025,342,35,11970,TRUE,14,CUST-014,sales_staff,FALSE
1142,6/13/2025,995,34,33830,TRUE,3,CUST-003,sales_staff,FALSE
1143,6/13/2025,2407,35,84245,TRUE,25,CUST-025,sales_staff,FALSE
1144,6/13/2025,424,34,14416,TRUE,11,CUST-011,sales_staff,FALSE
1145,6/13/2025,734,36,26424,TRUE,22,CUST-022,sales_staff,FALSE
1146,6/13/2025,711,36,25596,TRUE,8,CUST-008,sales_staff,FALSE
1147,6/14/2025,155,36,5580,TRUE,16,CUST-016,sales_staff,FALSE
1148,6/14/2025,514,37,19018,TRUE,8,CUST-008,sales_staff,FALSE
1149,6/14/2025,367,35,12845,TRUE,5,CUST-005,sales_staff,FALSE
1150,6/14/2025,530,35,18550,TRUE,22,CUST-022,sales_staff,FALSE
1151,6/14/2025,209,34,7106,TRUE,19,CUST-019,sales_staff,FALSE
1152,6/14/2025,410,35,14350,TRUE,10,CUST-010,sales_staff,FALSE
1153,6/14/2025,816,36,29376,TRUE,18,CUST-018,sales_staff,FALSE
1154,6/14/2025,432,35,15120,TRUE,7,CUST-007,sales_staff,FALSE
1155,6/14/2025,297,37,10989,TRUE,17,CUST-017,sales_staff,FALSE
1156,6/14/2025,719,35,25165,TRUE,3,CUST-003,sales_staff,FALSE
1157,6/15/2025,419,34,14246,TRUE,10,CUST-010,sales_staff,FALSE
1158,6/15/2025,148,35,5180,TRUE,15,CUST-015,sales_staff,FALSE
1159,6/15/2025,386,36,13896,TRUE,12,CUST-012,sales_staff,FALSE
1160,6/15/2025,233,37,8621,TRUE,1,CUST-001,sales_staff,FALSE
1161,6/15/2025,733,35,25655,TRUE,3,CUST-003,sales_staff,FALSE
1162,6/15/2025,1774,35,62090,TRUE,25,CUST-025,sales_staff,FALSE
1163,6/15/2025,524,34,17816,TRUE,8,CUST-008,sales_staff,FALSE
1164,6/16/2025,514,35,17990,TRUE,8,CUST-008,sales_staff,TRUE
1165,6/16/2025,698,35,24430,TRUE,24,CUST-024,sales_staff,TRUE
1166,6/16/2025,531,34,18054,TRUE,22,CUST-022,sales_staff,TRUE
1167,6/16/2025,758,35,26530,TRUE,6,CUST-006,sales_staff,TRUE
1168,6/16/2025,658,35,23030,TRUE,21,CUST-021,sales_staff,TRUE
1169,6/16/2025,1739,35,60865,TRUE,25,CUST-025,sales_staff,TRUE
1170,6/16/2025,353,35,12355,TRUE,4,CUST-004,sales_staff,TRUE
1171,6/16/2025,719,35,25165,TRUE,3,CUST-003,sales_staff,TRUE
1172,6/17/2025,358,35,12530,TRUE,5,CUST-005,sales_staff,FALSE
1173,6/17/2025,502,35,17570,TRUE,8,CUST-008,sales_staff,FALSE
1174,6/17/2025,1698,37,62826,TRUE,25,CUST-025,sales_staff,FALSE
1175,6/17/2025,741,35,25935,TRUE,6,CUST-006,sales_staff,FALSE
1176,6/17/2025,682,35,23870,TRUE,24,CUST-024,sales_staff,FALSE
1177,6/17/2025,241,36,8676,TRUE,14,CUST-014,sales_staff,FALSE
1178,6/17/2025,216,35,7560,TRUE,23,CUST-023,sales_staff,FALSE
1179,6/17/2025,319,36,11484,TRUE,9,CUST-009,sales_staff,FALSE
1180,6/17/2025,369,35,12915,TRUE,12,CUST-012,sales_staff,FALSE
1181,6/18/2025,559,35,19565,TRUE,13,CUST-013,sales_staff,FALSE
1182,6/18/2025,1350,35,47250,TRUE,25,CUST-025,sales_staff,FALSE
1183,6/18/2025,231,35,8085,TRUE,17,CUST-017,sales_staff,FALSE
1184,6/18/2025,399,35,13965,TRUE,8,CUST-008,sales_staff,FALSE
1185,6/18/2025,229,37,8473,TRUE,20,CUST-020,sales_staff,FALSE
1186,6/18/2025,511,35,17885,TRUE,21,CUST-021,sales_staff,FALSE
1187,6/18/2025,162,36,5832,TRUE,19,CUST-019,sales_staff,FALSE
1188,6/18/2025,275,35,9625,TRUE,4,CUST-004,sales_staff,FALSE
1189,6/18/2025,634,36,22824,TRUE,18,CUST-018,sales_staff,FALSE
1190,6/18/2025,285,35,9975,TRUE,5,CUST-005,sales_staff,FALSE
1191,6/19/2025,293,35,10255,TRUE,9,CUST-009,sales_staff,FALSE
1192,6/19/2025,475,35,16625,TRUE,22,CUST-022,sales_staff,FALSE
1193,6/19/2025,338,34,11492,TRUE,12,CUST-012,sales_staff,FALSE
1194,6/19/2025,187,35,6545,TRUE,19,CUST-019,sales_staff,FALSE
1195,6/19/2025,1558,35,54530,TRUE,25,CUST-025,sales_staff,FALSE
1196,6/19/2025,139,37,5143,TRUE,16,CUST-016,sales_staff,FALSE
1197,6/19/2025,54,37,1998,TRUE,2,CUST-002,sales_staff,FALSE
1198,6/19/2025,265,35,9275,TRUE,20,CUST-020,sales_staff,FALSE
1199,6/19/2025,646,36,23256,TRUE,13,CUST-013,sales_staff,FALSE
1200,6/19/2025,644,35,22540,TRUE,3,CUST-003,sales_staff,FALSE
1201,6/20/2025,945,36,34020,TRUE,6,CUST-006,sales_staff,FALSE
1202,6/20/2025,368,35,12880,TRUE,20,CUST-020,sales_staff,FALSE
1203,6/20/2025,661,36,23796,TRUE,22,CUST-022,sales_staff,FALSE
1204,6/20/2025,896,35,31360,TRUE,3,CUST-003,sales_staff,FALSE
1205,6/20/2025,2168,36,78048,TRUE,25,CUST-025,sales_staff,FALSE
1206,6/21/2025,585,37,21645,TRUE,22,CUST-022,sales_staff,FALSE
1207,6/21/2025,794,35,27790,TRUE,13,CUST-013,sales_staff,FALSE
1208,6/21/2025,725,35,25375,TRUE,21,CUST-021,sales_staff,FALSE
1209,6/21/2025,1917,35,67095,TRUE,25,CUST-025,sales_staff,FALSE
1210,6/21/2025,793,35,27755,TRUE,3,CUST-003,sales_staff,FALSE
1211,6/22/2025,1034,35,36190,TRUE,21,CUST-021,sales_staff,FALSE
1212,6/22/2025,1130,35,39550,TRUE,3,CUST-003,sales_staff,FALSE
1213,6/22/2025,243,35,8505,TRUE,16,CUST-016,sales_staff,FALSE
1214,6/22/2025,1097,36,39492,TRUE,24,CUST-024,sales_staff,FALSE
1215,6/22/2025,227,36,8172,TRUE,15,CUST-015,sales_staff,FALSE
1216,6/23/2025,1677,35,58695,TRUE,25,CUST-025,sales_staff,FALSE
1217,6/23/2025,673,35,23555,TRUE,24,CUST-024,sales_staff,FALSE
1218,6/23/2025,495,35,17325,TRUE,8,CUST-008,sales_staff,FALSE
1219,6/23/2025,201,35,7035,TRUE,19,CUST-019,sales_staff,FALSE
1220,6/23/2025,417,35,14595,TRUE,7,CUST-007,sales_staff,FALSE
1221,6/23/2025,695,35,24325,TRUE,13,CUST-013,sales_staff,FALSE
1222,6/23/2025,787,35,27545,TRUE,18,CUST-018,sales_staff,FALSE
1223,6/24/2025,1942,36,69912,TRUE,25,CUST-025,sales_staff,FALSE
1224,6/24/2025,847,36,30492,TRUE,6,CUST-006,sales_staff,FALSE
1225,6/24/2025,803,36,28908,TRUE,3,CUST-003,sales_staff,FALSE
1226,6/24/2025,912,36,32832,TRUE,18,CUST-018,sales_staff,FALSE
1227,6/25/2025,541,35,18935,TRUE,13,CUST-013,sales_staff,FALSE
1228,6/25/2025,223,35,7805,TRUE,17,CUST-017,sales_staff,FALSE
1229,6/25/2025,386,35,13510,TRUE,8,CUST-008,sales_staff,FALSE
1230,6/25/2025,1305,34,44370,TRUE,25,CUST-025,sales_staff,FALSE
1231,6/25/2025,171,35,5985,TRUE,1,CUST-001,sales_staff,FALSE
1232,6/25/2025,569,36,20484,TRUE,6,CUST-006,sales_staff,FALSE
1233,6/25/2025,613,35,21455,TRUE,18,CUST-018,sales_staff,FALSE
1234,6/25/2025,157,34,5338,TRUE,19,CUST-019,sales_staff,FALSE
1235,6/25/2025,398,37,14726,TRUE,22,CUST-022,sales_staff,FALSE
1236,6/26/2025,1303,35,45605,TRUE,21,CUST-021,sales_staff,FALSE
1237,6/26/2025,1018,35,35630,TRUE,8,CUST-008,sales_staff,FALSE
1238,6/26/2025,286,35,10010,TRUE,15,CUST-015,sales_staff,FALSE
1239,6/26/2025,414,35,14490,TRUE,19,CUST-019,sales_staff,FALSE
1240,6/26/2025,1382,35,48370,TRUE,24,CUST-024,sales_staff,FALSE
1241,6/27/2025,2188,37,80956,TRUE,13,CUST-013,sales_staff,FALSE
1242,6/27/2025,695,36,25020,TRUE,1,CUST-001,sales_staff,FALSE
1243,6/27/2025,1114,34,37876,TRUE,5,CUST-005,sales_staff,FALSE
1244,6/27/2025,1561,36,56196,TRUE,8,CUST-008,sales_staff,FALSE
1245,6/28/2025,669,34,22746,TRUE,21,CUST-021,sales_staff,FALSE
1246,6/28/2025,1771,35,61985,TRUE,25,CUST-025,sales_staff,FALSE
1247,6/28/2025,301,35,10535,TRUE,20,CUST-020,sales_staff,FALSE
1248,6/28/2025,312,35,10920,TRUE,11,CUST-011,sales_staff,FALSE
1249,6/28/2025,157,37,5809,TRUE,16,CUST-016,sales_staff,FALSE
1250,6/28/2025,374,35,13090,TRUE,5,CUST-005,sales_staff,FALSE
1251,6/28/2025,831,35,29085,TRUE,18,CUST-018,sales_staff,FALSE
1252,6/29/2025,2470,35,86450,TRUE,25,CUST-025,sales_staff,FALSE
1253,6/29/2025,419,35,14665,TRUE,20,CUST-020,sales_staff,FALSE
1254,6/29/2025,730,35,25550,TRUE,8,CUST-008,sales_staff,FALSE
1255,6/29/2025,351,37,12987,TRUE,14,CUST-014,sales_staff,FALSE
1256,6/30/2025,556,36,20016,TRUE,14,CUST-014,sales_staff,FALSE
1257,6/30/2025,735,34,24990,TRUE,9,CUST-009,sales_staff,FALSE
1258,6/30/2025,348,35,12180,TRUE,16,CUST-016,sales_staff,FALSE
1259,6/30/2025,1193,37,44141,TRUE,22,CUST-022,sales_staff,FALSE
1260,6/30/2025,469,35,16415,TRUE,19,CUST-019,sales_staff,FALSE
1261,6/30/2025,1836,36,66096,TRUE,18,CUST-018,sales_staff,FALSE
1262,7/1/2025,566,35,19810,TRUE,10,CUST-010,sales_staff,FALSE
1263,7/1/2025,451,35,15785,TRUE,9,CUST-009,sales_staff,FALSE
1264,7/1/2025,1046,36,37656,TRUE,6,CUST-006,sales_staff,FALSE
1265,7/1/2025,2397,35,83895,TRUE,25,CUST-025,sales_staff,FALSE
1266,7/1/2025,422,35,14770,TRUE,11,CUST-011,sales_staff,FALSE
1267,7/1/2025,962,35,33670,TRUE,24,CUST-024,sales_staff,FALSE
1268,7/2/2025,2730,35,95550,TRUE,25,CUST-025,sales_staff,FALSE
1269,7/2/2025,464,35,16240,TRUE,20,CUST-020,sales_staff,FALSE
1270,7/2/2025,1095,34,37230,TRUE,24,CUST-024,sales_staff,FALSE
1271,7/2/2025,576,34,19584,TRUE,5,CUST-005,sales_staff,FALSE
1272,7/3/2025,1506,36,54216,TRUE,13,CUST-013,sales_staff,FALSE
1273,7/3/2025,1458,35,51030,TRUE,24,CUST-024,sales_staff,FALSE
1274,7/3/2025,621,36,22356,TRUE,17,CUST-017,sales_staff,FALSE
1275,7/3/2025,1706,37,63122,TRUE,18,CUST-018,sales_staff,FALSE
1276,7/4/2025,2747,35,96145,TRUE,25,CUST-025,sales_staff,FALSE
1277,7/4/2025,1138,35,39830,TRUE,13,CUST-013,sales_staff,FALSE
1278,7/4/2025,390,35,13650,TRUE,14,CUST-014,sales_staff,FALSE
1279,7/4/2025,1136,35,39760,TRUE,3,CUST-003,sales_staff,FALSE
1280,7/4/2025,516,35,18060,TRUE,9,CUST-009,sales_staff,FALSE
1281,7/5/2025,1703,35,59605,TRUE,18,CUST-018,sales_staff,FALSE
1282,7/5/2025,462,36,16632,TRUE,23,CUST-023,sales_staff,FALSE
1283,7/5/2025,1499,35,52465,TRUE,3,CUST-003,sales_staff,FALSE
1284,7/5/2025,1456,35,50960,TRUE,24,CUST-024,sales_staff,FALSE
1285,7/6/2025,771,36,27756,TRUE,8,CUST-008,sales_staff,FALSE
1286,7/6/2025,2610,34,88740,TRUE,25,CUST-025,sales_staff,FALSE
1287,7/6/2025,649,35,22715,TRUE,7,CUST-007,sales_staff,FALSE
1288,7/6/2025,490,36,17640,TRUE,9,CUST-009,sales_staff,FALSE
1289,7/7/2025,817,35,28595,TRUE,3,CUST-003,sales_staff,FALSE
1290,7/7/2025,862,35,30170,TRUE,6,CUST-006,sales_staff,FALSE
1291,7/7/2025,928,35,32480,TRUE,18,CUST-018,sales_staff,FALSE
1292,7/7/2025,747,35,26145,TRUE,21,CUST-021,sales_staff,FALSE
1293,7/7/2025,372,35,13020,TRUE,9,CUST-009,sales_staff,FALSE
1294,7/7/2025,338,34,11492,TRUE,17,CUST-017,sales_staff,FALSE
1295,7/7/2025,237,35,8295,TRUE,19,CUST-019,sales_staff,FALSE
1296,7/7/2025,603,36,21708,TRUE,22,CUST-022,sales_staff,FALSE
1297,7/7/2025,402,35,14070,TRUE,4,CUST-004,sales_staff,FALSE
1298,7/7/2025,252,35,8820,TRUE,23,CUST-023,sales_staff,FALSE
1299,7/8/2025,495,35,17325,TRUE,5,CUST-005,sales_staff,FALSE
1300,7/8/2025,2348,37,86876,TRUE,25,CUST-025,sales_staff,FALSE
1301,7/8/2025,414,36,14904,TRUE,11,CUST-011,sales_staff,FALSE
1302,7/8/2025,972,36,34992,TRUE,13,CUST-013,sales_staff,FALSE
1303,7/8/2025,1102,35,38570,TRUE,18,CUST-018,sales_staff,FALSE
1304,7/9/2025,588,35,20580,TRUE,8,CUST-008,sales_staff,FALSE
1305,7/9/2025,1989,35,69615,TRUE,25,CUST-025,sales_staff,FALSE
1306,7/9/2025,340,35,11900,TRUE,17,CUST-017,sales_staff,FALSE
1307,7/9/2025,177,35,6195,TRUE,16,CUST-016,sales_staff,FALSE
1308,7/9/2025,282,35,9870,TRUE,14,CUST-014,sales_staff,FALSE
1309,7/9/2025,69,35,2415,TRUE,2,CUST-002,sales_staff,FALSE
1310,7/9/2025,239,36,8604,TRUE,19,CUST-019,sales_staff,FALSE
1311,7/9/2025,350,36,12600,TRUE,11,CUST-011,sales_staff,FALSE
1312,7/9/2025,934,36,33624,TRUE,18,CUST-018,sales_staff,FALSE
1313,7/9/2025,607,35,21245,TRUE,22,CUST-022,sales_staff,FALSE
1314,7/10/2025,614,37,22718,TRUE,21,CUST-021,sales_staff,FALSE
1315,7/10/2025,652,35,22820,TRUE,24,CUST-024,sales_staff,FALSE
1316,7/10/2025,1624,35,56840,TRUE,25,CUST-025,sales_staff,FALSE
1317,7/10/2025,343,37,12691,TRUE,5,CUST-005,sales_staff,FALSE
1318,7/10/2025,135,35,4725,TRUE,15,CUST-015,sales_staff,FALSE
1319,7/10/2025,763,35,26705,TRUE,18,CUST-018,sales_staff,FALSE
1320,7/10/2025,671,35,23485,TRUE,3,CUST-003,sales_staff,FALSE
1321,7/10/2025,496,36,17856,TRUE,22,CUST-022,sales_staff,FALSE
1322,7/11/2025,729,35,25515,TRUE,22,CUST-022,sales_staff,FALSE
1323,7/11/2025,958,35,33530,TRUE,24,CUST-024,sales_staff,FALSE
1324,7/11/2025,706,34,24004,TRUE,8,CUST-008,sales_staff,FALSE
1325,7/11/2025,449,34,15266,TRUE,9,CUST-009,sales_staff,FALSE
1326,7/11/2025,408,35,14280,TRUE,17,CUST-017,sales_staff,FALSE
1327,7/11/2025,1121,35,39235,TRUE,18,CUST-018,sales_staff,FALSE
1328,7/11/2025,987,35,34545,TRUE,3,CUST-003,sales_staff,FALSE
1329,7/11/2025,212,37,7844,TRUE,16,CUST-016,sales_staff,FALSE
1330,7/12/2025,516,35,18060,TRUE,8,CUST-008,sales_staff,FALSE
1331,7/12/2025,434,35,15190,TRUE,7,CUST-007,sales_staff,FALSE
1332,7/12/2025,721,35,25235,TRUE,3,CUST-003,sales_staff,FALSE
1333,7/12/2025,723,36,26028,TRUE,13,CUST-013,sales_staff,FALSE
1334,7/12/2025,1745,35,61075,TRUE,25,CUST-025,sales_staff,FALSE
1335,7/12/2025,307,34,10438,TRUE,11,CUST-011,sales_staff,FALSE
1336,7/12/2025,222,35,7770,TRUE,23,CUST-023,sales_staff,FALSE
1337,7/12/2025,660,37,24420,TRUE,21,CUST-021,sales_staff,FALSE
1338,7/13/2025,228,35,7980,TRUE,11,CUST-011,sales_staff,FALSE
1339,7/13/2025,564,35,19740,TRUE,6,CUST-006,sales_staff,FALSE
1340,7/13/2025,394,35,13790,TRUE,22,CUST-022,sales_staff,FALSE
1341,7/13/2025,382,35,13370,TRUE,8,CUST-008,sales_staff,FALSE
1342,7/13/2025,606,37,22422,TRUE,18,CUST-018,sales_staff,FALSE
1343,7/13/2025,1292,35,45220,TRUE,25,CUST-025,sales_staff,FALSE
1344,7/13/2025,534,35,18690,TRUE,3,CUST-003,sales_staff,FALSE
1345,7/13/2025,107,35,3745,TRUE,15,CUST-015,sales_staff,FALSE
1346,7/14/2025,490,35,17150,TRUE,20,CUST-020,sales_staff,FALSE
1347,7/14/2025,681,34,23154,TRUE,10,CUST-010,sales_staff,FALSE
1348,7/14/2025,1355,35,47425,TRUE,18,CUST-018,sales_staff,FALSE
1349,7/14/2025,1196,35,41860,TRUE,13,CUST-013,sales_staff,FALSE
1350,7/14/2025,718,35,25130,TRUE,7,CUST-007,sales_staff,FALSE
1351,7/14/2025,1158,35,40530,TRUE,24,CUST-024,sales_staff,FALSE
1352,7/14/2025,257,35,8995,TRUE,16,CUST-016,sales_staff,FALSE
1353,7/15/2025,1851,35,64785,TRUE,25,CUST-025,sales_staff,FALSE
1354,7/15/2025,64,35,2240,TRUE,2,CUST-002,sales_staff,FALSE
1355,7/15/2025,236,35,8260,TRUE,23,CUST-023,sales_staff,FALSE
1356,7/15/2025,767,35,26845,TRUE,13,CUST-013,sales_staff,FALSE
1357,7/15/2025,869,35,30415,TRUE,18,CUST-018,sales_staff,FALSE
1358,7/15/2025,807,35,28245,TRUE,6,CUST-006,sales_staff,FALSE
1359,7/15/2025,700,35,24500,TRUE,21,CUST-021,sales_staff,FALSE
1360,7/15/2025,742,35,25970,TRUE,24,CUST-024,sales_staff,FALSE
1361,7/16/2025,1970,35,68950,TRUE,25,CUST-025,sales_staff,FALSE
1362,7/16/2025,582,34,19788,TRUE,8,CUST-008,sales_staff,FALSE
1363,7/16/2025,814,34,27676,TRUE,3,CUST-003,sales_staff,FALSE
1364,7/16/2025,859,36,30924,TRUE,6,CUST-006,sales_staff,FALSE
1365,7/16/2025,347,35,12145,TRUE,11,CUST-011,sales_staff,FALSE
1366,7/16/2025,236,35,8260,TRUE,19,CUST-019,sales_staff,FALSE
1367,7/16/2025,337,35,11795,TRUE,17,CUST-017,sales_staff,FALSE
1368,7/17/2025,2333,35,81655,TRUE,25,CUST-025,sales_staff,FALSE
1369,7/17/2025,507,36,18252,TRUE,12,CUST-012,sales_staff,FALSE
1370,7/17/2025,712,35,24920,TRUE,22,CUST-022,sales_staff,FALSE
1371,7/17/2025,550,35,19250,TRUE,10,CUST-010,sales_staff,FALSE
1372,7/17/2025,1017,35,35595,TRUE,6,CUST-006,sales_staff,FALSE
1373,7/17/2025,474,35,16590,TRUE,4,CUST-004,sales_staff,FALSE
1374,7/18/2025,524,35,18340,TRUE,21,CUST-021,sales_staff,FALSE
1375,7/18/2025,1386,36,49896,TRUE,25,CUST-025,sales_staff,FALSE
1376,7/18/2025,556,35,19460,TRUE,24,CUST-024,sales_staff,FALSE
1377,7/18/2025,574,35,20090,TRUE,13,CUST-013,sales_staff,FALSE
1378,7/18/2025,604,35,21140,TRUE,6,CUST-006,sales_staff,FALSE
1379,7/18/2025,650,37,24050,TRUE,18,CUST-018,sales_staff,FALSE
1380,7/18/2025,423,36,15228,TRUE,22,CUST-022,sales_staff,FALSE
1381,7/18/2025,573,35,20055,TRUE,3,CUST-003,sales_staff,FALSE
1382,7/18/2025,282,35,9870,TRUE,4,CUST-004,sales_staff,FALSE
1383,7/19/2025,1305,36,46980,TRUE,25,CUST-025,sales_staff,FALSE
1384,7/19/2025,230,35,8050,TRUE,11,CUST-011,sales_staff,FALSE
1385,7/19/2025,245,35,8575,TRUE,9,CUST-009,sales_staff,FALSE
1386,7/19/2025,275,36,9900,TRUE,5,CUST-005,sales_staff,FALSE
1387,7/19/2025,523,36,18828,TRUE,24,CUST-024,sales_staff,FALSE
1388,7/19/2025,493,35,17255,TRUE,21,CUST-021,sales_staff,FALSE
1389,7/19/2025,539,35,18865,TRUE,3,CUST-003,sales_staff,FALSE
1390,7/19/2025,541,35,18935,TRUE,13,CUST-013,sales_staff,FALSE
1391,7/19/2025,612,36,22032,TRUE,18,CUST-018,sales_staff,FALSE
1392,7/20/2025,544,37,20128,TRUE,3,CUST-003,sales_staff,FALSE
1393,7/20/2025,1316,35,46060,TRUE,25,CUST-025,sales_staff,FALSE
1394,7/20/2025,247,36,8892,TRUE,9,CUST-009,sales_staff,FALSE
1395,7/20/2025,389,35,13615,TRUE,8,CUST-008,sales_staff,FALSE
1396,7/20/2025,310,34,10540,TRUE,10,CUST-010,sales_staff,FALSE
1397,7/20/2025,401,34,13634,TRUE,22,CUST-022,sales_staff,FALSE
1398,7/20/2025,618,36,22248,TRUE,18,CUST-018,sales_staff,FALSE
1399,7/20/2025,574,36,20664,TRUE,6,CUST-006,sales_staff,FALSE
1400,7/20/2025,223,35,7805,TRUE,20,CUST-020,sales_staff,FALSE
1401,7/21/2025,321,35,11235,TRUE,11,CUST-011,sales_staff,FALSE
1402,7/21/2025,793,35,27755,TRUE,6,CUST-006,sales_staff,FALSE
1403,7/21/2025,854,35,29890,TRUE,18,CUST-018,sales_staff,FALSE
1404,7/21/2025,752,35,26320,TRUE,3,CUST-003,sales_staff,FALSE
1405,7/21/2025,1819,35,63665,TRUE,25,CUST-025,sales_staff,FALSE
1406,7/21/2025,753,35,26355,TRUE,13,CUST-013,sales_staff,FALSE
1407,7/22/2025,327,36,11772,TRUE,17,CUST-017,sales_staff,FALSE
1408,7/22/2025,794,36,28584,TRUE,13,CUST-013,sales_staff,FALSE
1409,7/22/2025,244,35,8540,TRUE,23,CUST-023,sales_staff,FALSE
1410,7/22/2025,1916,35,67060,TRUE,25,CUST-025,sales_staff,FALSE
1411,7/22/2025,585,34,19890,TRUE,22,CUST-022,sales_staff,FALSE
1412,7/22/2025,724,35,25340,TRUE,21,CUST-021,sales_staff,FALSE
1413,7/22/2025,272,35,9520,TRUE,14,CUST-014,sales_staff,FALSE
1414,7/22/2025,477,35,16695,TRUE,7,CUST-007,sales_staff,FALSE
1415,7/23/2025,704,36,25344,TRUE,6,CUST-006,sales_staff,FALSE
1416,7/23/2025,212,35,7420,TRUE,1,CUST-001,sales_staff,FALSE
1417,7/23/2025,610,34,20740,TRUE,21,CUST-021,sales_staff,FALSE
1418,7/23/2025,667,36,24012,TRUE,3,CUST-003,sales_staff,FALSE
1419,7/23/2025,194,35,6790,TRUE,19,CUST-019,sales_staff,FALSE
1420,7/23/2025,492,35,17220,TRUE,22,CUST-022,sales_staff,FALSE
1421,7/23/2025,143,37,5291,TRUE,16,CUST-016,sales_staff,FALSE
1422,7/23/2025,1614,35,56490,TRUE,25,CUST-025,sales_staff,FALSE
1423,7/23/2025,477,35,16695,TRUE,8,CUST-008,sales_staff,FALSE
1424,7/24/2025,1126,35,39410,TRUE,18,CUST-018,sales_staff,FALSE
1425,7/24/2025,521,36,18756,TRUE,12,CUST-012,sales_staff,FALSE
1426,7/24/2025,994,35,34790,TRUE,13,CUST-013,sales_staff,FALSE
1427,7/24/2025,992,36,35712,TRUE,3,CUST-003,sales_staff,FALSE
1428,7/24/2025,506,35,17710,TRUE,5,CUST-005,sales_staff,FALSE
1429,7/24/2025,963,35,33705,TRUE,24,CUST-024,sales_staff,FALSE
1430,7/24/2025,306,34,10404,TRUE,23,CUST-023,sales_staff,FALSE
1431,7/25/2025,2393,35,83755,TRUE,6,CUST-006,sales_staff,FALSE
1432,7/25/2025,938,35,32830,TRUE,17,CUST-017,sales_staff,FALSE
1433,7/25/2025,932,36,33552,TRUE,20,CUST-020,sales_staff,FALSE
1434,7/25/2025,1294,35,45290,TRUE,10,CUST-010,sales_staff,FALSE
1435,7/26/2025,1329,35,46515,TRUE,25,CUST-025,sales_staff,FALSE
1436,7/26/2025,580,35,20300,TRUE,6,CUST-006,sales_staff,FALSE
1437,7/26/2025,624,36,22464,TRUE,18,CUST-018,sales_staff,FALSE
1438,7/26/2025,550,37,20350,TRUE,13,CUST-013,sales_staff,FALSE
1439,7/26/2025,189,35,6615,TRUE,14,CUST-014,sales_staff,FALSE
1440,7/26/2025,549,36,19764,TRUE,3,CUST-003,sales_staff,FALSE
1441,7/26/2025,280,35,9800,TRUE,5,CUST-005,sales_staff,FALSE
1442,7/26/2025,270,37,9990,TRUE,4,CUST-004,sales_staff,FALSE
1443,7/26/2025,533,35,18655,TRUE,24,CUST-024,sales_staff,FALSE
1444,7/26/2025,502,34,17068,TRUE,21,CUST-021,sales_staff,FALSE
1445,7/27/2025,277,37,10249,TRUE,14,CUST-014,sales_staff,FALSE
1446,7/27/2025,412,36,14832,TRUE,5,CUST-005,sales_staff,FALSE
1447,7/27/2025,1953,36,70308,TRUE,25,CUST-025,sales_staff,FALSE
1448,7/27/2025,344,34,11696,TRUE,11,CUST-011,sales_staff,FALSE
1449,7/27/2025,332,35,11620,TRUE,20,CUST-020,sales_staff,FALSE
1450,7/27/2025,917,35,32095,TRUE,18,CUST-018,sales_staff,FALSE
1451,7/28/2025,351,36,12636,TRUE,2,CUST-002,sales_staff,FALSE
1452,7/28/2025,897,35,31395,TRUE,16,CUST-016,sales_staff,FALSE
1453,7/28/2025,2190,36,78840,TRUE,12,CUST-012,sales_staff,FALSE
1454,7/28/2025,2050,36,73800,TRUE,4,CUST-004,sales_staff,FALSE
1455,7/29/2025,309,35,10815,TRUE,5,CUST-005,sales_staff,FALSE
1456,7/29/2025,554,35,19390,TRUE,21,CUST-021,sales_staff,FALSE
1457,7/29/2025,1466,35,51310,TRUE,25,CUST-025,sales_staff,FALSE
1458,7/29/2025,607,35,21245,TRUE,13,CUST-013,sales_staff,FALSE
1459,7/29/2025,639,35,22365,TRUE,6,CUST-006,sales_staff,FALSE
1460,7/29/2025,433,35,15155,TRUE,8,CUST-008,sales_staff,FALSE
1461,7/29/2025,588,36,21168,TRUE,24,CUST-024,sales_staff,FALSE
1462,7/29/2025,258,35,9030,TRUE,11,CUST-011,sales_staff,FALSE
1463,7/29/2025,606,35,21210,TRUE,3,CUST-003,sales_staff,FALSE
1464,7/30/2025,1917,35,67095,TRUE,25,CUST-025,sales_staff,FALSE
1465,7/30/2025,404,35,14140,TRUE,5,CUST-005,sales_staff,FALSE
1466,7/30/2025,272,35,9520,TRUE,14,CUST-014,sales_staff,FALSE
1467,7/30/2025,725,34,24650,TRUE,21,CUST-021,sales_staff,FALSE
1468,7/30/2025,900,35,31500,TRUE,18,CUST-018,sales_staff,FALSE
1469,7/30/2025,417,35,14595,TRUE,12,CUST-012,sales_staff,FALSE
1470,7/30/2025,230,35,8050,TRUE,19,CUST-019,sales_staff,FALSE
1471,7/30/2025,390,35,13650,TRUE,4,CUST-004,sales_staff,FALSE
1472,7/31/2025,305,35,10675,TRUE,4,CUST-004,sales_staff,FALSE
1473,7/31/2025,621,36,22356,TRUE,13,CUST-013,sales_staff,FALSE
1474,7/31/2025,703,35,24605,TRUE,18,CUST-018,sales_staff,FALSE
1475,7/31/2025,443,36,15948,TRUE,8,CUST-008,sales_staff,FALSE
1476,7/31/2025,1498,35,52430,TRUE,25,CUST-025,sales_staff,FALSE
1477,7/31/2025,601,37,22237,TRUE,24,CUST-024,sales_staff,FALSE
1478,7/31/2025,654,36,23544,TRUE,6,CUST-006,sales_staff,FALSE
1479,7/31/2025,354,35,12390,TRUE,10,CUST-010,sales_staff,FALSE
1480,7/31/2025,254,36,9144,TRUE,20,CUST-020,sales_staff,FALSE
1481,8/1/2025,1034,35,36190,TRUE,10,CUST-010,sales_staff,FALSE
1482,8/1/2025,891,35,31185,TRUE,4,CUST-004,sales_staff,FALSE
1483,8/1/2025,749,35,26215,TRUE,17,CUST-017,sales_staff,FALSE
1484,8/1/2025,1815,36,65340,TRUE,13,CUST-013,sales_staff,FALSE
1485,8/1/2025,1657,36,59652,TRUE,21,CUST-021,sales_staff,FALSE
1486,8/2/2025,494,36,17784,TRUE,12,CUST-012,sales_staff,FALSE
1487,8/2/2025,942,35,32970,TRUE,13,CUST-013,sales_staff,FALSE
1488,8/2/2025,480,35,16800,TRUE,5,CUST-005,sales_staff,FALSE
1489,8/2/2025,2273,37,84101,TRUE,25,CUST-025,sales_staff,FALSE
1490,8/2/2025,1067,36,38412,TRUE,18,CUST-018,sales_staff,FALSE
1491,8/3/2025,672,36,24192,TRUE,3,CUST-003,sales_staff,FALSE
1492,8/3/2025,287,37,10619,TRUE,11,CUST-011,sales_staff,FALSE
1493,8/3/2025,384,35,13440,TRUE,10,CUST-010,sales_staff,FALSE
1494,8/3/2025,278,35,9730,TRUE,17,CUST-017,sales_staff,FALSE
1495,8/3/2025,763,35,26705,TRUE,18,CUST-018,sales_staff,FALSE
1496,8/3/2025,653,34,22202,TRUE,24,CUST-024,sales_staff,FALSE
1497,8/3/2025,1627,35,56945,TRUE,25,CUST-025,sales_staff,FALSE
1498,8/3/2025,207,37,7659,TRUE,23,CUST-023,sales_staff,FALSE
1499,8/4/2025,1249,36,44964,TRUE,13,CUST-013,sales_staff,FALSE
1500,8/4/2025,1210,35,42350,TRUE,24,CUST-024,sales_staff,FALSE
1501,8/4/2025,384,37,14208,TRUE,23,CUST-023,sales_staff,FALSE
1502,8/4/2025,3015,35,105525,TRUE,25,CUST-025,sales_staff,FALSE
1503,8/5/2025,388,35,13580,TRUE,11,CUST-011,sales_staff,FALSE
1504,8/5/2025,960,36,34560,TRUE,6,CUST-006,sales_staff,FALSE
1505,8/5/2025,264,35,9240,TRUE,19,CUST-019,sales_staff,FALSE
1506,8/5/2025,1033,35,36155,TRUE,18,CUST-018,sales_staff,FALSE
1507,8/5/2025,76,35,2660,TRUE,2,CUST-002,sales_staff,FALSE
1508,8/5/2025,519,35,18165,TRUE,10,CUST-010,sales_staff,FALSE
1509,8/5/2025,280,36,10080,TRUE,23,CUST-023,sales_staff,FALSE
1510,8/5/2025,2200,35,77000,TRUE,25,CUST-025,sales_staff,FALSE
1511,8/6/2025,2144,35,75040,TRUE,25,CUST-025,sales_staff,FALSE
1512,8/6/2025,403,37,14911,TRUE,9,CUST-009,sales_staff,FALSE
1513,8/6/2025,466,36,16776,TRUE,12,CUST-012,sales_staff,FALSE
1514,8/6/2025,1006,35,35210,TRUE,18,CUST-018,sales_staff,FALSE
1515,8/6/2025,886,37,32782,TRUE,3,CUST-003,sales_staff,FALSE
1516,8/6/2025,378,37,13986,TRUE,11,CUST-011,sales_staff,FALSE
1517,8/6/2025,364,35,12740,TRUE,20,CUST-020,sales_staff,FALSE
1518,8/7/2025,1660,35,58100,TRUE,13,CUST-013,sales_staff,FALSE
1519,8/7/2025,871,36,31356,TRUE,12,CUST-012,sales_staff,FALSE
1520,8/7/2025,997,36,35892,TRUE,7,CUST-007,sales_staff,FALSE
1521,8/7/2025,1656,35,57960,TRUE,3,CUST-003,sales_staff,FALSE
1522,8/7/2025,481,35,16835,TRUE,19,CUST-019,sales_staff,FALSE
1523,8/8/2025,329,35,11515,TRUE,17,CUST-017,sales_staff,FALSE
1524,8/8/2025,796,35,27860,TRUE,3,CUST-003,sales_staff,FALSE
1525,8/8/2025,1926,36,69336,TRUE,25,CUST-025,sales_staff,FALSE
1526,8/8/2025,454,35,15890,TRUE,10,CUST-010,sales_staff,FALSE
1527,8/8/2025,362,35,12670,TRUE,9,CUST-009,sales_staff,FALSE
1528,8/8/2025,773,35,27055,TRUE,24,CUST-024,sales_staff,FALSE
1529,8/8/2025,588,35,20580,TRUE,22,CUST-022,sales_staff,FALSE
1530,8/8/2025,391,34,13294,TRUE,4,CUST-004,sales_staff,FALSE
1531,8/9/2025,801,37,29637,TRUE,13,CUST-013,sales_staff,FALSE
1532,8/9/2025,844,35,29540,TRUE,6,CUST-006,sales_staff,FALSE
1533,8/9/2025,1934,35,67690,TRUE,25,CUST-025,sales_staff,FALSE
1534,8/9/2025,732,35,25620,TRUE,21,CUST-021,sales_staff,FALSE
1535,8/9/2025,776,37,28712,TRUE,24,CUST-024,sales_staff,FALSE
1536,8/10/2025,2348,35,82180,TRUE,25,CUST-025,sales_staff,FALSE
1537,8/10/2025,399,35,13965,TRUE,20,CUST-020,sales_staff,FALSE
1538,8/10/2025,477,37,17649,TRUE,4,CUST-004,sales_staff,FALSE
1539,8/10/2025,942,35,32970,TRUE,24,CUST-024,sales_staff,FALSE
1540,8/11/2025,3511,35,122885,TRUE,25,CUST-025,sales_staff,FALSE
1541,8/11/2025,1328,36,47808,TRUE,21,CUST-021,sales_staff,FALSE
1542,8/11/2025,312,35,10920,TRUE,16,CUST-016,sales_staff,FALSE
1543,8/11/2025,421,35,14735,TRUE,19,CUST-019,sales_staff,FALSE
1544,8/11/2025,596,35,20860,TRUE,20,CUST-020,sales_staff,FALSE
1545,8/12/2025,1890,35,66150,TRUE,25,CUST-025,sales_staff,FALSE
1546,8/12/2025,783,35,27405,TRUE,13,CUST-013,sales_staff,FALSE
1547,8/12/2025,355,34,12070,TRUE,9,CUST-009,sales_staff,FALSE
1548,8/12/2025,781,36,28116,TRUE,3,CUST-003,sales_staff,FALSE
1549,8/12/2025,887,36,31932,TRUE,18,CUST-018,sales_staff,FALSE
1550,8/12/2025,241,35,8435,TRUE,23,CUST-023,sales_staff,FALSE
1551,8/12/2025,577,35,20195,TRUE,22,CUST-022,sales_staff,FALSE
1552,8/13/2025,683,35,23905,TRUE,6,CUST-006,sales_staff,FALSE
1553,8/13/2025,55,37,2035,TRUE,2,CUST-002,sales_staff,FALSE
1554,8/13/2025,735,35,25725,TRUE,18,CUST-018,sales_staff,FALSE
1555,8/13/2025,1567,36,56412,TRUE,25,CUST-025,sales_staff,FALSE
1556,8/13/2025,629,36,22644,TRUE,24,CUST-024,sales_staff,FALSE
1557,8/13/2025,463,35,16205,TRUE,8,CUST-008,sales_staff,FALSE
1558,8/13/2025,649,34,22066,TRUE,13,CUST-013,sales_staff,FALSE
1559,8/13/2025,318,36,11448,TRUE,4,CUST-004,sales_staff,FALSE
1560,8/13/2025,276,35,9660,TRUE,11,CUST-011,sales_staff,FALSE
1561,8/14/2025,473,36,17028,TRUE,7,CUST-007,sales_staff,FALSE
1562,8/14/2025,763,35,26705,TRUE,24,CUST-024,sales_staff,FALSE
1563,8/14/2025,386,34,13124,TRUE,4,CUST-004,sales_staff,FALSE
1564,8/14/2025,158,35,5530,TRUE,15,CUST-015,sales_staff,FALSE
1565,8/14/2025,787,35,27545,TRUE,13,CUST-013,sales_staff,FALSE
1566,8/14/2025,786,35,27510,TRUE,3,CUST-003,sales_staff,FALSE
1567,8/14/2025,829,35,29015,TRUE,6,CUST-006,sales_staff,FALSE
1568,8/14/2025,323,37,11951,TRUE,20,CUST-020,sales_staff,FALSE
1569,8/14/2025,580,34,19720,TRUE,22,CUST-022,sales_staff,FALSE
1570,8/14/2025,892,34,30328,TRUE,18,CUST-018,sales_staff,FALSE
1571,8/15/2025,1203,35,42105,TRUE,10,CUST-010,sales_staff,TRUE
1572,8/15/2025,1036,35,36260,TRUE,4,CUST-004,sales_staff,TRUE
1573,8/15/2025,1928,35,67480,TRUE,21,CUST-021,sales_staff,TRUE
1574,8/15/2025,866,35,30310,TRUE,20,CUST-020,sales_staff,TRUE
1575,8/15/2025,1107,35,38745,TRUE,12,CUST-012,sales_staff,TRUE
1576,8/15/2025,2107,35,73745,TRUE,3,CUST-003,sales_staff,TRUE
1577,8/16/2025,1477,35,51695,TRUE,25,CUST-025,sales_staff,FALSE
1578,8/16/2025,611,36,21996,TRUE,3,CUST-003,sales_staff,FALSE
1579,8/16/2025,278,35,9730,TRUE,9,CUST-009,sales_staff,FALSE
1580,8/16/2025,251,35,8785,TRUE,20,CUST-020,sales_staff,FALSE
1581,8/16/2025,612,35,21420,TRUE,13,CUST-013,sales_staff,FALSE
1582,8/16/2025,300,35,10500,TRUE,4,CUST-004,sales_staff,FALSE
1583,8/16/2025,321,35,11235,TRUE,12,CUST-012,sales_staff,FALSE
1584,8/16/2025,644,35,22540,TRUE,6,CUST-006,sales_staff,FALSE
1585,8/16/2025,694,35,24290,TRUE,18,CUST-018,sales_staff,FALSE
1586,8/17/2025,1008,35,35280,TRUE,24,CUST-024,sales_staff,FALSE
1587,8/17/2025,87,36,3132,TRUE,2,CUST-002,sales_staff,FALSE
1588,8/17/2025,625,36,22500,TRUE,7,CUST-007,sales_staff,FALSE
1589,8/17/2025,742,35,25970,TRUE,8,CUST-008,sales_staff,FALSE
1590,8/17/2025,1041,36,37476,TRUE,13,CUST-013,sales_staff,FALSE
1591,8/17/2025,767,36,27612,TRUE,22,CUST-022,sales_staff,FALSE
1592,8/17/2025,429,35,15015,TRUE,17,CUST-017,sales_staff,FALSE
1593,8/18/2025,1001,35,35035,TRUE,21,CUST-021,sales_staff,TRUE
1594,8/18/2025,1062,35,37170,TRUE,24,CUST-024,sales_staff,TRUE
1595,8/18/2025,1155,35,40425,TRUE,6,CUST-006,sales_staff,TRUE
1596,8/18/2025,1097,37,40589,TRUE,13,CUST-013,sales_staff,TRUE
1597,8/18/2025,453,34,15402,TRUE,17,CUST-017,sales_staff,TRUE
1598,8/18/2025,2647,36,95292,TRUE,25,CUST-025,sales_staff,TRUE
1599,8/19/2025,801,34,27234,TRUE,21,CUST-021,sales_staff,FALSE
1600,8/19/2025,398,35,13930,TRUE,9,CUST-009,sales_staff,FALSE
1601,8/19/2025,924,34,31416,TRUE,6,CUST-006,sales_staff,FALSE
1602,8/19/2025,527,35,18445,TRUE,7,CUST-007,sales_staff,FALSE
1603,8/19/2025,877,35,30695,TRUE,13,CUST-013,sales_staff,FALSE
1604,8/19/2025,176,35,6160,TRUE,15,CUST-015,sales_staff,FALSE
1605,8/19/2025,875,34,29750,TRUE,3,CUST-003,sales_staff,FALSE
1606,8/19/2025,362,36,13032,TRUE,17,CUST-017,sales_staff,FALSE
1607,8/19/2025,500,35,17500,TRUE,10,CUST-010,sales_staff,FALSE
1608,8/20/2025,504,35,17640,TRUE,14,CUST-014,sales_staff,FALSE
1609,8/20/2025,1423,35,49805,TRUE,24,CUST-024,sales_staff,FALSE
1610,8/20/2025,882,35,30870,TRUE,7,CUST-007,sales_staff,FALSE
1611,8/20/2025,606,35,21210,TRUE,17,CUST-017,sales_staff,FALSE
1612,8/20/2025,452,35,15820,TRUE,23,CUST-023,sales_staff,FALSE
1613,8/20/2025,1341,35,46935,TRUE,21,CUST-021,sales_staff,FALSE
1614,8/20/2025,748,37,27676,TRUE,5,CUST-005,sales_staff,FALSE
1615,8/21/2025,884,36,31824,TRUE,13,CUST-013,sales_staff,FALSE
1616,8/21/2025,1001,35,35035,TRUE,18,CUST-018,sales_staff,FALSE
1617,8/21/2025,2133,35,74655,TRUE,25,CUST-025,sales_staff,FALSE
1618,8/21/2025,882,36,31752,TRUE,3,CUST-003,sales_staff,FALSE
1619,8/22/2025,826,36,29736,TRUE,3,CUST-003,sales_staff,FALSE
1620,8/22/2025,872,35,30520,TRUE,6,CUST-006,sales_staff,FALSE
1621,8/22/2025,178,34,6052,TRUE,16,CUST-016,sales_staff,FALSE
1622,8/22/2025,422,37,15614,TRUE,5,CUST-005,sales_staff,FALSE
1623,8/22/2025,2000,35,70000,TRUE,25,CUST-025,sales_staff,FALSE
1624,8/22/2025,802,36,28872,TRUE,24,CUST-024,sales_staff,FALSE
1625,8/22/2025,284,35,9940,TRUE,14,CUST-014,sales_staff,FALSE
1626,8/22/2025,591,36,21276,TRUE,8,CUST-008,sales_staff,FALSE
1627,8/23/2025,216,35,7560,TRUE,15,CUST-015,sales_staff,FALSE
1628,8/23/2025,2605,35,91175,TRUE,25,CUST-025,sales_staff,FALSE
1629,8/23/2025,615,36,22140,TRUE,10,CUST-010,sales_staff,FALSE
1630,8/23/2025,529,35,18515,TRUE,4,CUST-004,sales_staff,FALSE
1631,8/23/2025,1223,35,42805,TRUE,18,CUST-018,sales_staff,FALSE
1632,8/24/2025,582,35,20370,TRUE,24,CUST-024,sales_staff,FALSE
1633,8/24/2025,443,36,15948,TRUE,22,CUST-022,sales_staff,FALSE
1634,8/24/2025,191,35,6685,TRUE,1,CUST-001,sales_staff,FALSE
1635,8/24/2025,633,35,22155,TRUE,6,CUST-006,sales_staff,FALSE
1636,8/24/2025,1451,35,50785,TRUE,25,CUST-025,sales_staff,FALSE
1637,8/24/2025,600,36,21600,TRUE,3,CUST-003,sales_staff,FALSE
1638,8/24/2025,681,35,23835,TRUE,18,CUST-018,sales_staff,FALSE
1639,8/24/2025,315,34,10710,TRUE,12,CUST-012,sales_staff,FALSE
1640,8/24/2025,306,36,11016,TRUE,5,CUST-005,sales_staff,FALSE
1641,8/25/2025,2527,35,88445,TRUE,25,CUST-025,sales_staff,FALSE
1642,8/25/2025,445,35,15575,TRUE,11,CUST-011,sales_staff,FALSE
1643,8/25/2025,514,35,17990,TRUE,4,CUST-004,sales_staff,FALSE
1644,8/25/2025,210,34,7140,TRUE,15,CUST-015,sales_staff,FALSE
1645,8/25/2025,955,35,33425,TRUE,21,CUST-021,sales_staff,FALSE
1646,8/25/2025,1047,35,36645,TRUE,13,CUST-013,sales_staff,FALSE
1647,8/26/2025,2809,35,98315,TRUE,25,CUST-025,sales_staff,FALSE
1648,8/26/2025,480,35,16800,TRUE,17,CUST-017,sales_staff,FALSE
1649,8/26/2025,1161,36,41796,TRUE,3,CUST-003,sales_staff,FALSE
1650,8/26/2025,1127,35,39445,TRUE,24,CUST-024,sales_staff,FALSE
1651,8/26/2025,495,37,18315,TRUE,11,CUST-011,sales_staff,FALSE
1652,8/27/2025,542,36,19512,TRUE,21,CUST-021,sales_staff,FALSE
1653,8/27/2025,245,35,8575,TRUE,17,CUST-017,sales_staff,FALSE
1654,8/27/2025,269,35,9415,TRUE,9,CUST-009,sales_staff,FALSE
1655,8/27/2025,1433,36,51588,TRUE,25,CUST-025,sales_staff,FALSE
1656,8/27/2025,594,37,21978,TRUE,13,CUST-013,sales_staff,FALSE
1657,8/27/2025,423,34,14382,TRUE,8,CUST-008,sales_staff,FALSE
1658,8/27/2025,592,35,20720,TRUE,3,CUST-003,sales_staff,FALSE
1659,8/27/2025,437,36,15732,TRUE,22,CUST-022,sales_staff,FALSE
1660,8/27/2025,311,35,10885,TRUE,12,CUST-012,sales_staff,FALSE
1661,8/27/2025,625,35,21875,TRUE,6,CUST-006,sales_staff,FALSE
1662,8/28/2025,467,35,16345,TRUE,9,CUST-009,sales_staff,FALSE
1663,8/28/2025,298,35,10430,TRUE,19,CUST-019,sales_staff,FALSE
1664,8/28/2025,939,35,32865,TRUE,21,CUST-021,sales_staff,FALSE
1665,8/28/2025,2483,37,91871,TRUE,25,CUST-025,sales_staff,FALSE
1666,8/28/2025,1083,35,37905,TRUE,6,CUST-006,sales_staff,FALSE
1667,8/28/2025,758,35,26530,TRUE,22,CUST-022,sales_staff,FALSE
1668,8/29/2025,644,35,22540,TRUE,22,CUST-022,sales_staff,FALSE
1669,8/29/2025,2110,35,73850,TRUE,25,CUST-025,sales_staff,FALSE
1670,8/29/2025,920,36,33120,TRUE,6,CUST-006,sales_staff,FALSE
1671,8/29/2025,458,34,15572,TRUE,12,CUST-012,sales_staff,FALSE
1672,8/29/2025,525,35,18375,TRUE,7,CUST-007,sales_staff,FALSE
1673,8/29/2025,847,35,29645,TRUE,24,CUST-024,sales_staff,FALSE
1674,8/29/2025,624,35,21840,TRUE,8,CUST-008,sales_staff,FALSE
1675,8/30/2025,318,34,10812,TRUE,17,CUST-017,sales_staff,FALSE
1676,8/30/2025,771,37,28527,TRUE,13,CUST-013,sales_staff,FALSE
1677,8/30/2025,1862,35,65170,TRUE,25,CUST-025,sales_staff,FALSE
1678,8/30/2025,874,35,30590,TRUE,18,CUST-018,sales_staff,FALSE
1679,8/30/2025,812,35,28420,TRUE,6,CUST-006,sales_staff,FALSE
1680,8/30/2025,265,35,9275,TRUE,14,CUST-014,sales_staff,FALSE
1681,8/31/2025,968,35,33880,TRUE,21,CUST-021,sales_staff,FALSE
1682,8/31/2025,1202,35,42070,TRUE,18,CUST-018,sales_staff,FALSE
1683,8/31/2025,757,36,27252,TRUE,8,CUST-008,sales_staff,FALSE
1684,8/31/2025,337,36,12132,TRUE,1,CUST-001,sales_staff,FALSE
1685,8/31/2025,1117,35,39095,TRUE,6,CUST-006,sales_staff,FALSE
1686,9/1/2025,2103,35,73605,TRUE,25,CUST-025,sales_staff,FALSE
1687,9/1/2025,428,36,15408,TRUE,4,CUST-004,sales_staff,FALSE
1688,9/1/2025,987,35,34545,TRUE,18,CUST-018,sales_staff,FALSE
1689,9/1/2025,642,36,23112,TRUE,22,CUST-022,sales_staff,FALSE
1690,9/1/2025,917,35,32095,TRUE,6,CUST-006,sales_staff,FALSE
1691,9/1/2025,253,35,8855,TRUE,19,CUST-019,sales_staff,FALSE
1692,9/1/2025,496,35,17360,TRUE,10,CUST-010,sales_staff,FALSE
1693,9/2/2025,367,35,12845,TRUE,5,CUST-005,sales_staff,FALSE
1694,9/2/2025,530,34,18020,TRUE,22,CUST-022,sales_staff,FALSE
1695,9/2/2025,720,35,25200,TRUE,13,CUST-013,sales_staff,FALSE
1696,9/2/2025,697,34,23698,TRUE,24,CUST-024,sales_staff,FALSE
1697,9/2/2025,297,35,10395,TRUE,17,CUST-017,sales_staff,FALSE
1698,9/2/2025,353,35,12355,TRUE,4,CUST-004,sales_staff,FALSE
1699,9/2/2025,221,35,7735,TRUE,23,CUST-023,sales_staff,FALSE
1700,9/2/2025,1737,34,59058,TRUE,25,CUST-025,sales_staff,FALSE
1701,9/2/2025,758,35,26530,TRUE,6,CUST-006,sales_staff,FALSE
1702,9/2/2025,410,34,13940,TRUE,10,CUST-010,sales_staff,FALSE
1703,9/3/2025,606,36,21816,TRUE,21,CUST-021,sales_staff,FALSE
1704,9/3/2025,644,34,21896,TRUE,24,CUST-024,sales_staff,FALSE
1705,9/3/2025,753,35,26355,TRUE,18,CUST-018,sales_staff,FALSE
1706,9/3/2025,378,36,13608,TRUE,10,CUST-010,sales_staff,FALSE
1707,9/3/2025,663,35,23205,TRUE,3,CUST-003,sales_staff,FALSE
1708,9/3/2025,133,35,4655,TRUE,15,CUST-015,sales_staff,FALSE
1709,9/3/2025,1604,36,57744,TRUE,25,CUST-025,sales_staff,FALSE
1710,9/3/2025,399,35,13965,TRUE,7,CUST-007,sales_staff,FALSE
1711,9/3/2025,474,36,17064,TRUE,8,CUST-008,sales_staff,FALSE
1712,9/3/2025,204,35,7140,TRUE,23,CUST-023,sales_staff,FALSE
1713,9/4/2025,844,36,30384,TRUE,8,CUST-008,sales_staff,FALSE
1714,9/4/2025,1146,36,41256,TRUE,24,CUST-024,sales_staff,FALSE
1715,9/4/2025,1080,35,37800,TRUE,21,CUST-021,sales_staff,FALSE
1716,9/4/2025,1180,37,43660,TRUE,3,CUST-003,sales_staff,FALSE
1717,9/4/2025,620,35,21700,TRUE,12,CUST-012,sales_staff,FALSE
1718,9/4/2025,503,35,17605,TRUE,11,CUST-011,sales_staff,FALSE
1719,9/5/2025,2787,35,97545,TRUE,25,CUST-025,sales_staff,TRUE
1720,9/5/2025,1152,35,40320,TRUE,3,CUST-003,sales_staff,TRUE
1721,9/5/2025,248,35,8680,TRUE,16,CUST-016,sales_staff,TRUE
1722,9/5/2025,1308,36,47088,TRUE,18,CUST-018,sales_staff,TRUE
1723,9/5/2025,824,36,29664,TRUE,8,CUST-008,sales_staff,TRUE
1724,9/5/2025,367,35,12845,TRUE,1,CUST-001,sales_staff,TRUE
1725,9/6/2025,612,34,20808,TRUE,13,CUST-013,sales_staff,FALSE
1726,9/6/2025,194,35,6790,TRUE,1,CUST-001,sales_staff,FALSE
1727,9/6/2025,559,35,19565,TRUE,21,CUST-021,sales_staff,FALSE
1728,9/6/2025,300,36,10800,TRUE,4,CUST-004,sales_staff,FALSE
1729,9/6/2025,644,34,21896,TRUE,6,CUST-006,sales_staff,FALSE
1730,9/6/2025,451,35,15785,TRUE,22,CUST-022,sales_staff,FALSE
1731,9/6/2025,1477,37,54649,TRUE,25,CUST-025,sales_staff,FALSE
1732,9/6/2025,321,36,11556,TRUE,12,CUST-012,sales_staff,FALSE
1733,9/6/2025,436,35,15260,TRUE,8,CUST-008,sales_staff,FALSE
1734,9/7/2025,522,35,18270,TRUE,22,CUST-022,sales_staff,FALSE
1735,9/7/2025,1712,35,59920,TRUE,25,CUST-025,sales_staff,FALSE
1736,9/7/2025,372,34,12648,TRUE,12,CUST-012,sales_staff,FALSE
1737,9/7/2025,707,35,24745,TRUE,3,CUST-003,sales_staff,FALSE
1738,9/7/2025,506,36,18216,TRUE,8,CUST-008,sales_staff,FALSE
1739,9/7/2025,687,35,24045,TRUE,24,CUST-024,sales_staff,FALSE
1740,9/7/2025,243,35,8505,TRUE,14,CUST-014,sales_staff,FALSE
1741,9/8/2025,711,35,24885,TRUE,24,CUST-024,sales_staff,FALSE
1742,9/8/2025,333,36,11988,TRUE,9,CUST-009,sales_staff,FALSE
1743,9/8/2025,671,37,24827,TRUE,21,CUST-021,sales_staff,FALSE
1744,9/8/2025,360,35,12600,TRUE,4,CUST-004,sales_staff,FALSE
1745,9/8/2025,733,35,25655,TRUE,3,CUST-003,sales_staff,FALSE
1746,9/8/2025,1773,37,65601,TRUE,25,CUST-025,sales_staff,FALSE
1747,9/8/2025,735,36,26460,TRUE,13,CUST-013,sales_staff,FALSE
1748,9/8/2025,773,34,26282,TRUE,6,CUST-006,sales_staff,FALSE
1749,9/9/2025,2674,36,96264,TRUE,25,CUST-025,sales_staff,FALSE
1750,9/9/2025,1107,36,39852,TRUE,13,CUST-013,sales_staff,FALSE
1751,9/9/2025,631,35,22085,TRUE,10,CUST-010,sales_staff,FALSE
1752,9/9/2025,222,35,7770,TRUE,15,CUST-015,sales_staff,FALSE
1753,9/9/2025,457,35,15995,TRUE,17,CUST-017,sales_staff,FALSE
1754,9/9/2025,564,36,20304,TRUE,5,CUST-005,sales_staff,FALSE
1755,9/10/2025,792,35,27720,TRUE,20,CUST-020,sales_staff,FALSE
1756,9/10/2025,662,36,23832,TRUE,14,CUST-014,sales_staff,FALSE
1757,9/10/2025,2189,35,76615,TRUE,18,CUST-018,sales_staff,FALSE
1758,9/10/2025,1013,36,36468,TRUE,12,CUST-012,sales_staff,FALSE
1759,9/10/2025,797,36,28692,TRUE,17,CUST-017,sales_staff,FALSE
1760,9/11/2025,456,35,15960,TRUE,10,CUST-010,sales_staff,FALSE
1761,9/11/2025,730,35,25550,TRUE,21,CUST-021,sales_staff,FALSE
1762,9/11/2025,571,37,21127,TRUE,8,CUST-008,sales_staff,FALSE
1763,9/11/2025,1932,35,67620,TRUE,25,CUST-025,sales_staff,FALSE
1764,9/11/2025,907,35,31745,TRUE,18,CUST-018,sales_staff,FALSE
1765,9/11/2025,419,35,14665,TRUE,12,CUST-012,sales_staff,FALSE
1766,9/11/2025,254,35,8890,TRUE,1,CUST-001,sales_staff,FALSE
1767,9/11/2025,775,35,27125,TRUE,24,CUST-024,sales_staff,FALSE
1768,9/12/2025,1962,35,68670,TRUE,25,CUST-025,sales_staff,FALSE
1769,9/12/2025,463,36,16668,TRUE,10,CUST-010,sales_staff,FALSE
1770,9/12/2025,369,36,13284,TRUE,9,CUST-009,sales_staff,FALSE
1771,9/12/2025,163,36,5868,TRUE,15,CUST-015,sales_staff,FALSE
1772,9/12/2025,787,36,28332,TRUE,24,CUST-024,sales_staff,FALSE
1773,9/12/2025,598,37,22126,TRUE,22,CUST-022,sales_staff,FALSE
1774,9/12/2025,414,35,14490,TRUE,5,CUST-005,sales_staff,FALSE
1775,9/12/2025,812,35,28420,TRUE,13,CUST-013,sales_staff,FALSE
1776,9/12/2025,580,35,20300,TRUE,8,CUST-008,sales_staff,FALSE
1777,9/12/2025,335,36,12060,TRUE,17,CUST-017,sales_staff,FALSE
1778,9/13/2025,443,36,15948,TRUE,10,CUST-010,sales_staff,FALSE
1779,9/13/2025,266,36,9576,TRUE,14,CUST-014,sales_staff,FALSE
1780,9/13/2025,778,35,27230,TRUE,13,CUST-013,sales_staff,FALSE
1781,9/13/2025,573,36,20628,TRUE,22,CUST-022,sales_staff,FALSE
1782,9/13/2025,776,34,26384,TRUE,3,CUST-003,sales_staff,FALSE
1783,9/13/2025,753,37,27861,TRUE,24,CUST-024,sales_staff,FALSE
1784,9/13/2025,1877,36,67572,TRUE,25,CUST-025,sales_staff,FALSE
1785,9/14/2025,876,36,31536,TRUE,22,CUST-022,sales_staff,FALSE
1786,9/14/2025,506,36,18216,TRUE,11,CUST-011,sales_staff,FALSE
1787,9/14/2025,605,35,21175,TRUE,5,CUST-005,sales_staff,FALSE
1788,9/14/2025,539,35,18865,TRUE,9,CUST-009,sales_staff,FALSE
1789,9/14/2025,583,36,20988,TRUE,4,CUST-004,sales_staff,FALSE
1790,9/14/2025,408,37,15096,TRUE,14,CUST-014,sales_staff,FALSE
1791,9/14/2025,848,36,30528,TRUE,8,CUST-008,sales_staff,FALSE
1792,9/14/2025,377,35,13195,TRUE,1,CUST-001,sales_staff,FALSE
1793,9/15/2025,1076,34,36584,TRUE,21,CUST-021,sales_staff,FALSE
1794,9/15/2025,2845,35,99575,TRUE,25,CUST-025,sales_staff,FALSE
1795,9/15/2025,253,35,8855,TRUE,16,CUST-016,sales_staff,FALSE
1796,9/15/2025,1179,36,42444,TRUE,13,CUST-013,sales_staff,FALSE
1797,9/16/2025,138,36,4968,TRUE,16,CUST-016,sales_staff,FALSE
1798,9/16/2025,728,35,25480,TRUE,18,CUST-018,sales_staff,FALSE
1799,9/16/2025,458,36,16488,TRUE,8,CUST-008,sales_staff,FALSE
1800,9/16/2025,643,35,22505,TRUE,13,CUST-013,sales_staff,FALSE
1801,9/16/2025,622,36,22392,TRUE,24,CUST-024,sales_staff,FALSE
1802,9/16/2025,677,35,23695,TRUE,6,CUST-006,sales_staff,FALSE
1803,9/16/2025,1551,37,57387,TRUE,25,CUST-025,sales_staff,FALSE
1804,9/16/2025,186,35,6510,TRUE,19,CUST-019,sales_staff,FALSE
1805,9/16/2025,265,36,9540,TRUE,17,CUST-017,sales_staff,FALSE
1806,9/16/2025,586,35,20510,TRUE,21,CUST-021,sales_staff,FALSE
1807,9/17/2025,452,35,15820,TRUE,23,CUST-023,sales_staff,FALSE
1808,9/17/2025,425,35,14875,TRUE,19,CUST-019,sales_staff,FALSE
1809,9/17/2025,1547,36,55692,TRUE,6,CUST-006,sales_staff,FALSE
1810,9/17/2025,3546,36,127656,TRUE,25,CUST-025,sales_staff,FALSE
1811,9/18/2025,940,36,33840,TRUE,21,CUST-021,sales_staff,FALSE
1812,9/18/2025,2487,35,87045,TRUE,25,CUST-025,sales_staff,FALSE
1813,9/18/2025,1085,35,37975,TRUE,6,CUST-006,sales_staff,FALSE
1814,9/18/2025,735,35,25725,TRUE,8,CUST-008,sales_staff,FALSE
1815,9/18/2025,759,36,27324,TRUE,22,CUST-022,sales_staff,FALSE
1816,9/19/2025,1966,36,70776,TRUE,25,CUST-025,sales_staff,FALSE
1817,9/19/2025,814,36,29304,TRUE,13,CUST-013,sales_staff,FALSE
1818,9/19/2025,347,34,11798,TRUE,11,CUST-011,sales_staff,FALSE
1819,9/19/2025,581,36,20916,TRUE,8,CUST-008,sales_staff,FALSE
1820,9/19/2025,812,36,29232,TRUE,3,CUST-003,sales_staff,FALSE
1821,9/19/2025,923,36,33228,TRUE,18,CUST-018,sales_staff,FALSE
1822,9/19/2025,600,35,21000,TRUE,22,CUST-022,sales_staff,FALSE
1823,9/20/2025,2795,35,97825,TRUE,25,CUST-025,sales_staff,FALSE
1824,9/20/2025,525,35,18375,TRUE,9,CUST-009,sales_staff,FALSE
1825,9/20/2025,568,35,19880,TRUE,4,CUST-004,sales_staff,FALSE
1826,9/20/2025,232,36,8352,TRUE,15,CUST-015,sales_staff,FALSE
1827,9/20/2025,1122,36,40392,TRUE,24,CUST-024,sales_staff,FALSE
1828,9/21/2025,442,35,15470,TRUE,10,CUST-010,sales_staff,FALSE
1829,9/21/2025,1872,35,65520,TRUE,25,CUST-025,sales_staff,FALSE
1830,9/21/2025,318,35,11130,TRUE,20,CUST-020,sales_staff,FALSE
1831,9/21/2025,395,35,13825,TRUE,5,CUST-005,sales_staff,FALSE
1832,9/21/2025,773,35,27055,TRUE,3,CUST-003,sales_staff,FALSE
1833,9/21/2025,751,37,27787,TRUE,24,CUST-024,sales_staff,FALSE
1834,9/21/2025,571,35,19985,TRUE,22,CUST-022,sales_staff,FALSE
1835,9/22/2025,1052,37,38924,TRUE,20,CUST-020,sales_staff,FALSE
1836,9/22/2025,2342,36,84312,TRUE,21,CUST-021,sales_staff,FALSE
1837,9/22/2025,1540,35,53900,TRUE,7,CUST-007,sales_staff,FALSE
1838,9/22/2025,1059,35,37065,TRUE,17,CUST-017,sales_staff,FALSE
1839,9/23/2025,697,35,24395,TRUE,3,CUST-003,sales_staff,TRUE
1840,9/23/2025,297,37,10989,TRUE,11,CUST-011,sales_staff,TRUE
1841,9/23/2025,215,35,7525,TRUE,23,CUST-023,sales_staff,TRUE
1842,9/23/2025,676,36,24336,TRUE,24,CUST-024,sales_staff,TRUE
1843,9/23/2025,791,36,28476,TRUE,18,CUST-018,sales_staff,TRUE
1844,9/23/2025,735,36,26460,TRUE,6,CUST-006,sales_staff,TRUE
1845,9/23/2025,1686,36,60696,TRUE,25,CUST-025,sales_staff,TRUE
1846,9/23/2025,638,36,22968,TRUE,21,CUST-021,sales_staff,TRUE
1847,9/23/2025,514,37,19018,TRUE,22,CUST-022,sales_staff,TRUE
1848,9/23/2025,498,35,17430,TRUE,8,CUST-008,sales_staff,TRUE
1849,9/24/2025,385,36,13860,TRUE,4,CUST-004,sales_staff,FALSE
1850,9/24/2025,334,34,11356,TRUE,11,CUST-011,sales_staff,FALSE
1851,9/24/2025,827,35,28945,TRUE,6,CUST-006,sales_staff,FALSE
1852,9/24/2025,1896,34,64464,TRUE,25,CUST-025,sales_staff,FALSE
1853,9/24/2025,227,35,7945,TRUE,19,CUST-019,sales_staff,FALSE
1854,9/24/2025,783,35,27405,TRUE,3,CUST-003,sales_staff,FALSE
1855,9/24/2025,412,35,14420,TRUE,12,CUST-012,sales_staff,FALSE
1856,9/24/2025,717,35,25095,TRUE,21,CUST-021,sales_staff,FALSE
1857,9/25/2025,1270,34,43180,TRUE,24,CUST-024,sales_staff,FALSE
1858,9/25/2025,668,36,24048,TRUE,5,CUST-005,sales_staff,FALSE
1859,9/25/2025,644,35,22540,TRUE,4,CUST-004,sales_staff,FALSE
1860,9/25/2025,936,36,33696,TRUE,8,CUST-008,sales_staff,FALSE
1861,9/25/2025,1381,35,48335,TRUE,6,CUST-006,sales_staff,FALSE
1862,9/25/2025,538,35,18830,TRUE,20,CUST-020,sales_staff,FALSE
1863,9/25/2025,380,34,12920,TRUE,19,CUST-019,sales_staff,FALSE
1864,9/26/2025,1754,37,64898,TRUE,25,CUST-025,sales_staff,FALSE
1865,9/26/2025,727,35,25445,TRUE,13,CUST-013,sales_staff,FALSE
1866,9/26/2025,518,35,18130,TRUE,8,CUST-008,sales_staff,FALSE
1867,9/26/2025,823,35,28805,TRUE,18,CUST-018,sales_staff,FALSE
1868,9/26/2025,210,35,7350,TRUE,19,CUST-019,sales_staff,FALSE
1869,9/26/2025,357,35,12495,TRUE,4,CUST-004,sales_staff,FALSE
1870,9/26/2025,704,35,24640,TRUE,24,CUST-024,sales_staff,FALSE
1871,9/26/2025,725,35,25375,TRUE,3,CUST-003,sales_staff,FALSE
1872,9/27/2025,1525,36,54900,TRUE,25,CUST-025,sales_staff,FALSE
1873,9/27/2025,360,36,12960,TRUE,10,CUST-010,sales_staff,FALSE
1874,9/27/2025,716,35,25060,TRUE,18,CUST-018,sales_staff,FALSE
1875,9/27/2025,310,37,11470,TRUE,4,CUST-004,sales_staff,FALSE
1876,9/27/2025,665,35,23275,TRUE,6,CUST-006,sales_staff,FALSE
1877,9/27/2025,183,37,6771,TRUE,19,CUST-019,sales_staff,FALSE
1878,9/27/2025,380,37,14060,TRUE,7,CUST-007,sales_staff,FALSE
1879,9/27/2025,451,35,15785,TRUE,8,CUST-008,sales_staff,FALSE
1880,9/27/2025,630,35,22050,TRUE,3,CUST-003,sales_staff,FALSE
1881,9/27/2025,287,35,10045,TRUE,9,CUST-009,sales_staff,FALSE
1882,9/28/2025,480,35,16800,TRUE,22,CUST-022,sales_staff,FALSE
1883,9/28/2025,267,35,9345,TRUE,20,CUST-020,sales_staff,FALSE
1884,9/28/2025,392,36,14112,TRUE,7,CUST-007,sales_staff,FALSE
1885,9/28/2025,739,35,25865,TRUE,18,CUST-018,sales_staff,FALSE
1886,9/28/2025,631,35,22085,TRUE,24,CUST-024,sales_staff,FALSE
1887,9/28/2025,1574,36,56664,TRUE,25,CUST-025,sales_staff,FALSE
1888,9/28/2025,342,35,11970,TRUE,12,CUST-012,sales_staff,FALSE
1889,9/28/2025,140,35,4900,TRUE,16,CUST-016,sales_staff,FALSE
1890,9/28/2025,269,35,9415,TRUE,17,CUST-017,sales_staff,FALSE
1891,9/28/2025,465,36,16740,TRUE,8,CUST-008,sales_staff,FALSE
1892,9/29/2025,747,36,26892,TRUE,7,CUST-007,sales_staff,FALSE
1893,9/29/2025,611,35,21385,TRUE,4,CUST-004,sales_staff,FALSE
1894,9/29/2025,634,35,22190,TRUE,5,CUST-005,sales_staff,FALSE
1895,9/29/2025,1205,36,43380,TRUE,24,CUST-024,sales_staff,FALSE
1896,9/29/2025,1244,35,43540,TRUE,13,CUST-013,sales_staff,FALSE
1897,9/29/2025,1241,35,43435,TRUE,3,CUST-003,sales_staff,FALSE
1898,9/30/2025,853,35,29855,TRUE,12,CUST-012,sales_staff,TRUE
1899,9/30/2025,349,36,12564,TRUE,16,CUST-016,sales_staff,TRUE
1900,9/30/2025,3925,36,141300,TRUE,25,CUST-025,sales_staff,TRUE
1901,9/30/2025,516,35,18060,TRUE,1,CUST-001,sales_staff,TRUE
1902,9/30/2025,471,35,16485,TRUE,19,CUST-019,sales_staff,TRUE
1903,9/30/2025,667,35,23345,TRUE,20,CUST-020,sales_staff,TRUE
1904,10/1/2025,199,35,6965,TRUE,19,CUST-019,sales_staff,FALSE
1905,10/1/2025,236,37,8732,TRUE,14,CUST-014,sales_staff,FALSE
1906,10/1/2025,491,35,17185,TRUE,8,CUST-008,sales_staff,FALSE
1907,10/1/2025,1662,34,56508,TRUE,25,CUST-025,sales_staff,FALSE
1908,10/1/2025,725,35,25375,TRUE,6,CUST-006,sales_staff,FALSE
1909,10/1/2025,282,35,9870,TRUE,20,CUST-020,sales_staff,FALSE
1910,10/1/2025,687,34,23358,TRUE,3,CUST-003,sales_staff,FALSE
1911,10/1/2025,667,35,23345,TRUE,24,CUST-024,sales_staff,FALSE
1912,10/1/2025,351,35,12285,TRUE,5,CUST-005,sales_staff,FALSE
1913,10/2/2025,422,36,15192,TRUE,17,CUST-017,sales_staff,FALSE
1914,10/2/2025,502,35,17570,TRUE,4,CUST-004,sales_staff,FALSE
1915,10/2/2025,2470,35,86450,TRUE,25,CUST-025,sales_staff,FALSE
1916,10/2/2025,1077,36,38772,TRUE,6,CUST-006,sales_staff,FALSE
1917,10/2/2025,537,35,18795,TRUE,12,CUST-012,sales_staff,FALSE
1918,10/3/2025,1169,35,40915,TRUE,18,CUST-018,sales_staff,FALSE
1919,10/3/2025,2492,37,92204,TRUE,25,CUST-025,sales_staff,FALSE
1920,10/3/2025,620,35,21700,TRUE,7,CUST-007,sales_staff,FALSE
1921,10/3/2025,541,36,19476,TRUE,12,CUST-012,sales_staff,FALSE
1922,10/3/2025,299,36,10764,TRUE,19,CUST-019,sales_staff,FALSE
1923,10/3/2025,588,35,20580,TRUE,10,CUST-010,sales_staff,FALSE
1924,10/4/2025,548,35,19180,TRUE,8,CUST-008,sales_staff,FALSE
1925,10/4/2025,1854,36,66744,TRUE,25,CUST-025,sales_staff,FALSE
1926,10/4/2025,403,35,14105,TRUE,12,CUST-012,sales_staff,FALSE
1927,10/4/2025,566,35,19810,TRUE,22,CUST-022,sales_staff,FALSE
1928,10/4/2025,391,35,13685,TRUE,5,CUST-005,sales_staff,FALSE
1929,10/4/2025,768,35,26880,TRUE,13,CUST-013,sales_staff,FALSE
1930,10/5/2025,649,36,23364,TRUE,24,CUST-024,sales_staff,FALSE
1931,10/5/2025,206,34,7004,TRUE,23,CUST-023,sales_staff,FALSE
1932,10/5/2025,705,36,25380,TRUE,6,CUST-006,sales_staff,FALSE
1933,10/5/2025,1617,36,58212,TRUE,25,CUST-025,sales_staff,FALSE
1934,10/5/2025,285,35,9975,TRUE,11,CUST-011,sales_staff,FALSE
1935,10/5/2025,329,36,11844,TRUE,4,CUST-004,sales_staff,FALSE
1936,10/5/2025,612,35,21420,TRUE,21,CUST-021,sales_staff,FALSE
1937,10/5/2025,402,35,14070,TRUE,7,CUST-007,sales_staff,FALSE
1938,10/5/2025,276,35,9660,TRUE,17,CUST-017,sales_staff,FALSE
1939,10/6/2025,425,35,14875,TRUE,17,CUST-017,sales_staff,FALSE
1940,10/6/2025,997,36,35892,TRUE,24,CUST-024,sales_staff,FALSE
1941,10/6/2025,2484,36,89424,TRUE,25,CUST-025,sales_staff,FALSE
1942,10/6/2025,298,35,10430,TRUE,19,CUST-019,sales_staff,FALSE
1943,10/6/2025,1029,37,38073,TRUE,13,CUST-013,sales_staff,FALSE
1944,10/7/2025,2134,35,74690,TRUE,21,CUST-021,sales_staff,FALSE
1945,10/7/2025,958,37,35446,TRUE,20,CUST-020,sales_staff,FALSE
1946,10/7/2025,1190,34,40460,TRUE,5,CUST-005,sales_staff,FALSE
1947,10/7/2025,1404,34,47736,TRUE,7,CUST-007,sales_staff,FALSE
1948,10/8/2025,863,35,30205,TRUE,10,CUST-010,sales_staff,FALSE
1949,10/8/2025,1718,35,60130,TRUE,18,CUST-018,sales_staff,FALSE
1950,10/8/2025,304,36,10944,TRUE,15,CUST-015,sales_staff,FALSE
1951,10/8/2025,795,37,29415,TRUE,12,CUST-012,sales_staff,FALSE
1952,10/8/2025,1596,35,55860,TRUE,6,CUST-006,sales_staff,FALSE
1953,10/9/2025,387,35,13545,TRUE,9,CUST-009,sales_staff,FALSE
1954,10/9/2025,2060,35,72100,TRUE,25,CUST-025,sales_staff,FALSE
1955,10/9/2025,827,35,28945,TRUE,24,CUST-024,sales_staff,FALSE
1956,10/9/2025,629,35,22015,TRUE,22,CUST-022,sales_staff,FALSE
1957,10/9/2025,853,35,29855,TRUE,13,CUST-013,sales_staff,FALSE
1958,10/9/2025,899,35,31465,TRUE,6,CUST-006,sales_staff,FALSE
1959,10/10/2025,614,34,20876,TRUE,19,CUST-019,sales_staff,FALSE
1960,10/10/2025,874,35,30590,TRUE,17,CUST-017,sales_staff,FALSE
1961,10/10/2025,2230,34,75820,TRUE,6,CUST-006,sales_staff,FALSE
1962,10/10/2025,2401,37,88837,TRUE,18,CUST-018,sales_staff,FALSE
1963,10/11/2025,556,34,18904,TRUE,7,CUST-007,sales_staff,FALSE
1964,10/11/2025,924,37,34188,TRUE,3,CUST-003,sales_staff,FALSE
1965,10/11/2025,199,35,6965,TRUE,16,CUST-016,sales_staff,FALSE
1966,10/11/2025,2236,36,80496,TRUE,25,CUST-025,sales_staff,FALSE
1967,10/11/2025,927,35,32445,TRUE,13,CUST-013,sales_staff,FALSE
1968,10/12/2025,747,35,26145,TRUE,6,CUST-006,sales_staff,FALSE
1969,10/12/2025,648,35,22680,TRUE,21,CUST-021,sales_staff,FALSE
1970,10/12/2025,1714,35,59990,TRUE,25,CUST-025,sales_staff,FALSE
1971,10/12/2025,218,35,7630,TRUE,23,CUST-023,sales_staff,FALSE
1972,10/12/2025,710,35,24850,TRUE,13,CUST-013,sales_staff,FALSE
1973,10/13/2025,1126,35,39410,TRUE,18,CUST-018,sales_staff,FALSE
1974,10/13/2025,2399,34,81566,TRUE,25,CUST-025,sales_staff,FALSE
1975,10/13/2025,963,35,33705,TRUE,24,CUST-024,sales_staff,FALSE
1976,10/13/2025,488,34,16592,TRUE,4,CUST-004,sales_staff,FALSE
1977,10/13/2025,341,36,12276,TRUE,14,CUST-014,sales_staff,FALSE
1978,10/13/2025,423,35,14805,TRUE,11,CUST-011,sales_staff,FALSE
1979,10/14/2025,1030,35,36050,TRUE,6,CUST-006,sales_staff,FALSE
1980,10/14/2025,82,35,2870,TRUE,2,CUST-002,sales_staff,FALSE
1981,10/14/2025,2361,35,82635,TRUE,25,CUST-025,sales_staff,FALSE
1982,10/14/2025,893,35,31255,TRUE,21,CUST-021,sales_staff,FALSE
1983,10/14/2025,947,35,33145,TRUE,24,CUST-024,sales_staff,FALSE
1984,10/14/2025,401,35,14035,TRUE,20,CUST-020,sales_staff,FALSE
1985,10/15/2025,217,35,7595,TRUE,1,CUST-001,sales_staff,FALSE
1986,10/15/2025,1649,35,57715,TRUE,25,CUST-025,sales_staff,FALSE
1987,10/15/2025,683,35,23905,TRUE,13,CUST-013,sales_staff,FALSE
1988,10/15/2025,348,37,12876,TRUE,5,CUST-005,sales_staff,FALSE
1989,10/15/2025,280,36,10080,TRUE,20,CUST-020,sales_staff,FALSE
1990,10/15/2025,774,35,27090,TRUE,18,CUST-018,sales_staff,FALSE
1991,10/15/2025,503,35,17605,TRUE,22,CUST-022,sales_staff,FALSE
1992,10/15/2025,623,35,21805,TRUE,21,CUST-021,sales_staff,FALSE
1993,10/16/2025,498,36,17928,TRUE,9,CUST-009,sales_staff,FALSE
1994,10/16/2025,2652,35,92820,TRUE,25,CUST-025,sales_staff,FALSE
1995,10/16/2025,660,35,23100,TRUE,7,CUST-007,sales_staff,FALSE
1996,10/16/2025,338,35,11830,TRUE,23,CUST-023,sales_staff,FALSE
1997,10/16/2025,1064,34,36176,TRUE,24,CUST-024,sales_staff,FALSE
1998,10/17/2025,427,35,14945,TRUE,10,CUST-010,sales_staff,FALSE
1999,10/17/2025,789,35,27615,TRUE,6,CUST-006,sales_staff,FALSE
2000,10/17/2025,684,34,23256,TRUE,21,CUST-021,sales_staff,FALSE
2001,10/17/2025,534,35,18690,TRUE,8,CUST-008,sales_staff,FALSE
2002,10/17/2025,749,34,25466,TRUE,13,CUST-013,sales_staff,FALSE
2003,10/17/2025,726,37,26862,TRUE,24,CUST-024,sales_staff,FALSE
2004,10/17/2025,367,35,12845,TRUE,4,CUST-004,sales_staff,FALSE
2005,10/17/2025,1809,36,65124,TRUE,25,CUST-025,sales_staff,FALSE
2006,10/17/2025,161,34,5474,TRUE,16,CUST-016,sales_staff,FALSE
2007,10/18/2025,1158,35,40530,TRUE,9,CUST-009,sales_staff,FALSE
2008,10/18/2025,1820,36,65520,TRUE,8,CUST-008,sales_staff,FALSE
2009,10/18/2025,875,36,31500,TRUE,14,CUST-014,sales_staff,FALSE
2010,10/18/2025,785,36,28260,TRUE,23,CUST-023,sales_staff,FALSE
2011,10/19/2025,506,37,18722,TRUE,10,CUST-010,sales_staff,FALSE
2012,10/19/2025,282,35,9870,TRUE,1,CUST-001,sales_staff,FALSE
2013,10/19/2025,2144,35,75040,TRUE,25,CUST-025,sales_staff,FALSE
2014,10/19/2025,178,35,6230,TRUE,15,CUST-015,sales_staff,FALSE
2015,10/19/2025,886,35,31010,TRUE,3,CUST-003,sales_staff,FALSE
2016,10/19/2025,1006,35,35210,TRUE,18,CUST-018,sales_staff,FALSE
2017,10/20/2025,792,35,27720,TRUE,13,CUST-013,sales_staff,FALSE
2018,10/20/2025,1913,35,66955,TRUE,25,CUST-025,sales_staff,FALSE
2019,10/20/2025,898,35,31430,TRUE,18,CUST-018,sales_staff,FALSE
2020,10/20/2025,565,37,20905,TRUE,8,CUST-008,sales_staff,FALSE
2021,10/20/2025,768,37,28416,TRUE,24,CUST-024,sales_staff,FALSE
2022,10/20/2025,325,36,11700,TRUE,20,CUST-020,sales_staff,FALSE
2023,10/21/2025,2179,35,76265,TRUE,3,CUST-003,sales_staff,FALSE
2024,10/21/2025,929,36,33444,TRUE,11,CUST-011,sales_staff,FALSE
2025,10/21/2025,902,36,32472,TRUE,17,CUST-017,sales_staff,FALSE
2026,10/21/2025,1312,36,47232,TRUE,7,CUST-007,sales_staff,FALSE
2027,10/22/2025,618,35,21630,TRUE,13,CUST-013,sales_staff,FALSE
2028,10/22/2025,565,36,20340,TRUE,21,CUST-021,sales_staff,FALSE
2029,10/22/2025,701,36,25236,TRUE,18,CUST-018,sales_staff,FALSE
2030,10/22/2025,599,35,20965,TRUE,24,CUST-024,sales_staff,FALSE
2031,10/22/2025,212,35,7420,TRUE,14,CUST-014,sales_staff,FALSE
2032,10/22/2025,617,36,22212,TRUE,3,CUST-003,sales_staff,FALSE
2033,10/22/2025,1493,35,52255,TRUE,25,CUST-025,sales_staff,FALSE
2034,10/22/2025,254,35,8890,TRUE,20,CUST-020,sales_staff,FALSE
2035,10/22/2025,124,35,4340,TRUE,15,CUST-015,sales_staff,FALSE
2036,10/22/2025,255,34,8670,TRUE,17,CUST-017,sales_staff,FALSE
2037,10/23/2025,834,35,29190,TRUE,24,CUST-024,sales_staff,TRUE
2038,10/23/2025,438,36,15768,TRUE,5,CUST-005,sales_staff,TRUE
2039,10/23/2025,906,35,31710,TRUE,6,CUST-006,sales_staff,TRUE
2040,10/23/2025,634,36,22824,TRUE,22,CUST-022,sales_staff,TRUE
2041,10/23/2025,2078,36,74808,TRUE,25,CUST-025,sales_staff,TRUE
2042,10/23/2025,250,34,8500,TRUE,19,CUST-019,sales_staff,TRUE
2043,10/23/2025,786,35,27510,TRUE,21,CUST-021,sales_staff,TRUE
2044,10/23/2025,353,35,12355,TRUE,20,CUST-020,sales_staff,TRUE
2045,10/23/2025,273,36,9828,TRUE,1,CUST-001,sales_staff,TRUE
2046,10/23/2025,185,36,6660,TRUE,16,CUST-016,sales_staff,TRUE
2047,10/24/2025,765,35,26775,TRUE,5,CUST-005,sales_staff,FALSE
2048,10/24/2025,1071,36,38556,TRUE,8,CUST-008,sales_staff,FALSE
2049,10/24/2025,1702,36,61272,TRUE,18,CUST-018,sales_staff,FALSE
2050,10/24/2025,1502,36,54072,TRUE,13,CUST-013,sales_staff,FALSE
2051,10/24/2025,1454,36,52344,TRUE,24,CUST-024,sales_staff,FALSE
2052,10/25/2025,833,36,29988,TRUE,18,CUST-018,sales_staff,FALSE
2053,10/25/2025,735,35,25725,TRUE,13,CUST-013,sales_staff,FALSE
2054,10/25/2025,525,35,18375,TRUE,8,CUST-008,sales_staff,FALSE
2055,10/25/2025,442,35,15470,TRUE,7,CUST-007,sales_staff,FALSE
2056,10/25/2025,734,36,26424,TRUE,3,CUST-003,sales_staff,FALSE
2057,10/25/2025,252,36,9072,TRUE,14,CUST-014,sales_staff,FALSE
2058,10/25/2025,671,35,23485,TRUE,21,CUST-021,sales_staff,FALSE
2059,10/25/2025,304,35,10640,TRUE,17,CUST-017,sales_staff,FALSE
2060,10/25/2025,361,35,12635,TRUE,4,CUST-004,sales_staff,FALSE
2061,10/26/2025,444,35,15540,TRUE,7,CUST-007,sales_staff,FALSE
2062,10/26/2025,739,35,25865,TRUE,13,CUST-013,sales_staff,FALSE
2063,10/26/2025,544,37,20128,TRUE,22,CUST-022,sales_staff,FALSE
2064,10/26/2025,837,36,30132,TRUE,18,CUST-018,sales_staff,FALSE
2065,10/26/2025,1784,36,64224,TRUE,25,CUST-025,sales_staff,FALSE
2066,10/26/2025,214,37,7918,TRUE,19,CUST-019,sales_staff,FALSE
2067,10/26/2025,335,35,11725,TRUE,9,CUST-009,sales_staff,FALSE
2068,10/26/2025,235,34,7990,TRUE,1,CUST-001,sales_staff,FALSE
2069,10/27/2025,476,37,17612,TRUE,10,CUST-010,sales_staff,FALSE
2070,10/27/2025,502,36,18072,TRUE,7,CUST-007,sales_staff,FALSE
2071,10/27/2025,881,36,31716,TRUE,6,CUST-006,sales_staff,FALSE
2072,10/27/2025,426,35,14910,TRUE,5,CUST-005,sales_staff,FALSE
2073,10/27/2025,837,36,30132,TRUE,13,CUST-013,sales_staff,FALSE
2074,10/27/2025,2019,35,70665,TRUE,25,CUST-025,sales_staff,FALSE
2075,10/28/2025,331,35,11585,TRUE,17,CUST-017,sales_staff,FALSE
2076,10/28/2025,844,36,30384,TRUE,6,CUST-006,sales_staff,FALSE
2077,10/28/2025,908,36,32688,TRUE,18,CUST-018,sales_staff,FALSE
2078,10/28/2025,481,36,17316,TRUE,7,CUST-007,sales_staff,FALSE
2079,10/28/2025,1935,34,65790,TRUE,25,CUST-025,sales_staff,FALSE
2080,10/28/2025,232,35,8120,TRUE,19,CUST-019,sales_staff,FALSE
2081,10/28/2025,394,35,13790,TRUE,4,CUST-004,sales_staff,FALSE
2082,10/29/2025,118,37,4366,TRUE,15,CUST-015,sales_staff,FALSE
2083,10/29/2025,352,35,12320,TRUE,7,CUST-007,sales_staff,FALSE
2084,10/29/2025,585,35,20475,TRUE,3,CUST-003,sales_staff,FALSE
2085,10/29/2025,242,36,8712,TRUE,17,CUST-017,sales_staff,FALSE
2086,10/29/2025,587,35,20545,TRUE,13,CUST-013,sales_staff,FALSE
2087,10/29/2025,618,35,21630,TRUE,6,CUST-006,sales_staff,FALSE
2088,10/29/2025,665,34,22610,TRUE,18,CUST-018,sales_staff,FALSE
2089,10/29/2025,419,37,15503,TRUE,8,CUST-008,sales_staff,FALSE
2090,10/29/2025,1417,34,48178,TRUE,25,CUST-025,sales_staff,FALSE
2091,10/29/2025,299,37,11063,TRUE,5,CUST-005,sales_staff,FALSE
2092,10/30/2025,726,35,25410,TRUE,18,CUST-018,sales_staff,FALSE
2093,10/30/2025,385,35,13475,TRUE,7,CUST-007,sales_staff,FALSE
2094,10/30/2025,639,36,23004,TRUE,3,CUST-003,sales_staff,FALSE
2095,10/30/2025,291,37,10767,TRUE,9,CUST-009,sales_staff,FALSE
2096,10/30/2025,365,37,13505,TRUE,10,CUST-010,sales_staff,FALSE
2097,10/30/2025,1547,34,52598,TRUE,25,CUST-025,sales_staff,FALSE
2098,10/30/2025,220,34,7480,TRUE,14,CUST-014,sales_staff,FALSE
2099,10/30/2025,314,36,11304,TRUE,4,CUST-004,sales_staff,FALSE
2100,10/30/2025,675,36,24300,TRUE,6,CUST-006,sales_staff,FALSE
2101,10/30/2025,620,35,21700,TRUE,24,CUST-024,sales_staff,FALSE
2102,10/31/2025,3366,35,117810,TRUE,25,CUST-025,sales_staff,FALSE
2103,10/31/2025,731,35,25585,TRUE,12,CUST-012,sales_staff,FALSE
2104,10/31/2025,576,37,21312,TRUE,17,CUST-017,sales_staff,FALSE
2105,10/31/2025,478,37,17686,TRUE,14,CUST-014,sales_staff,FALSE
2106,10/31/2025,593,35,20755,TRUE,11,CUST-011,sales_staff,FALSE
2107,11/1/2025,769,34,26146,TRUE,18,CUST-018,sales_staff,FALSE
2108,11/1/2025,289,35,10115,TRUE,11,CUST-011,sales_staff,FALSE
2109,11/1/2025,407,35,14245,TRUE,7,CUST-007,sales_staff,FALSE
2110,11/1/2025,278,35,9730,TRUE,20,CUST-020,sales_staff,FALSE
2111,11/1/2025,280,35,9800,TRUE,17,CUST-017,sales_staff,FALSE
2112,11/1/2025,500,35,17500,TRUE,22,CUST-022,sales_staff,FALSE
2113,11/1/2025,714,36,25704,TRUE,6,CUST-006,sales_staff,FALSE
2114,11/1/2025,657,34,22338,TRUE,24,CUST-024,sales_staff,FALSE
2115,11/1/2025,345,35,12075,TRUE,5,CUST-005,sales_staff,FALSE
2116,11/2/2025,198,34,6732,TRUE,14,CUST-014,sales_staff,FALSE
2117,11/2/2025,655,35,22925,TRUE,18,CUST-018,sales_staff,FALSE
2118,11/2/2025,577,35,20195,TRUE,3,CUST-003,sales_staff,FALSE
2119,11/2/2025,237,35,8295,TRUE,20,CUST-020,sales_staff,FALSE
2120,11/2/2025,1395,35,48825,TRUE,25,CUST-025,sales_staff,FALSE
2121,11/2/2025,609,34,20706,TRUE,6,CUST-006,sales_staff,FALSE
2122,11/2/2025,412,36,14832,TRUE,8,CUST-008,sales_staff,FALSE
2123,11/3/2025,398,35,13930,TRUE,5,CUST-005,sales_staff,FALSE
2124,11/3/2025,782,35,27370,TRUE,13,CUST-013,sales_staff,FALSE
2125,11/3/2025,355,35,12425,TRUE,9,CUST-009,sales_staff,FALSE
2126,11/3/2025,886,35,31010,TRUE,18,CUST-018,sales_staff,FALSE
2127,11/3/2025,780,36,28080,TRUE,3,CUST-003,sales_staff,FALSE
2128,11/3/2025,714,35,24990,TRUE,21,CUST-021,sales_staff,FALSE
2129,11/3/2025,824,36,29664,TRUE,6,CUST-006,sales_staff,FALSE
2130,11/4/2025,425,36,15300,TRUE,9,CUST-009,sales_staff,FALSE
2131,11/4/2025,689,35,24115,TRUE,22,CUST-022,sales_staff,FALSE
2132,11/4/2025,986,35,34510,TRUE,6,CUST-006,sales_staff,FALSE
2133,11/4/2025,2260,36,81360,TRUE,25,CUST-025,sales_staff,FALSE
2134,11/4/2025,459,35,16065,TRUE,4,CUST-004,sales_staff,FALSE
2135,11/5/2025,688,35,24080,TRUE,5,CUST-005,sales_staff,FALSE
2136,11/5/2025,1233,35,43155,TRUE,21,CUST-021,sales_staff,FALSE
2137,11/5/2025,1308,36,47088,TRUE,24,CUST-024,sales_staff,FALSE
2138,11/5/2025,963,35,33705,TRUE,8,CUST-008,sales_staff,FALSE
2139,11/5/2025,554,36,19944,TRUE,20,CUST-020,sales_staff,FALSE
2140,11/6/2025,313,35,10955,TRUE,17,CUST-017,sales_staff,FALSE
2141,11/6/2025,861,35,30135,TRUE,18,CUST-018,sales_staff,FALSE
2142,11/6/2025,760,35,26600,TRUE,13,CUST-013,sales_staff,FALSE
2143,11/6/2025,220,36,7920,TRUE,19,CUST-019,sales_staff,FALSE
2144,11/6/2025,758,35,26530,TRUE,3,CUST-003,sales_staff,FALSE
2145,11/6/2025,800,35,28000,TRUE,6,CUST-006,sales_staff,FALSE
2146,11/6/2025,693,37,25641,TRUE,21,CUST-021,sales_staff,FALSE
2147,11/7/2025,1637,35,57295,TRUE,18,CUST-018,sales_staff,FALSE
2148,11/7/2025,444,34,15096,TRUE,23,CUST-023,sales_staff,FALSE
2149,11/7/2025,1318,35,46130,TRUE,21,CUST-021,sales_staff,FALSE
2150,11/7/2025,736,35,25760,TRUE,5,CUST-005,sales_staff,FALSE
2151,11/7/2025,709,36,25524,TRUE,4,CUST-004,sales_staff,FALSE
2152,11/8/2025,931,37,34447,TRUE,24,CUST-024,sales_staff,FALSE
2153,11/8/2025,1012,35,35420,TRUE,6,CUST-006,sales_staff,FALSE
2154,11/8/2025,686,34,23324,TRUE,8,CUST-008,sales_staff,FALSE
2155,11/8/2025,397,36,14292,TRUE,17,CUST-017,sales_staff,FALSE
2156,11/8/2025,490,35,17150,TRUE,5,CUST-005,sales_staff,FALSE
2157,11/8/2025,330,35,11550,TRUE,14,CUST-014,sales_staff,FALSE
2158,11/9/2025,606,37,22422,TRUE,18,CUST-018,sales_staff,FALSE
2159,11/9/2025,1290,34,43860,TRUE,25,CUST-025,sales_staff,FALSE
2160,11/9/2025,272,35,9520,TRUE,5,CUST-005,sales_staff,FALSE
2161,11/9/2025,164,34,5576,TRUE,23,CUST-023,sales_staff,FALSE
2162,11/9/2025,488,35,17080,TRUE,21,CUST-021,sales_staff,FALSE
2163,11/9/2025,563,35,19705,TRUE,6,CUST-006,sales_staff,FALSE
2164,11/9/2025,321,35,11235,TRUE,7,CUST-007,sales_staff,FALSE
2165,11/9/2025,305,35,10675,TRUE,10,CUST-010,sales_staff,FALSE
2166,11/10/2025,963,35,33705,TRUE,6,CUST-006,sales_staff,FALSE
2167,11/10/2025,652,34,22168,TRUE,8,CUST-008,sales_staff,FALSE
2168,11/10/2025,1036,35,36260,TRUE,18,CUST-018,sales_staff,FALSE
2169,11/10/2025,673,34,22882,TRUE,22,CUST-022,sales_staff,FALSE
2170,11/10/2025,835,34,28390,TRUE,21,CUST-021,sales_staff,FALSE
2171,11/10/2025,886,35,31010,TRUE,24,CUST-024,sales_staff,FALSE
2172,11/11/2025,434,35,15190,TRUE,20,CUST-020,sales_staff,FALSE
2173,11/11/2025,1058,35,37030,TRUE,13,CUST-013,sales_staff,FALSE
2174,11/11/2025,1055,34,35870,TRUE,3,CUST-003,sales_staff,FALSE
2175,11/11/2025,554,36,19944,TRUE,12,CUST-012,sales_staff,FALSE
2176,11/11/2025,450,35,15750,TRUE,11,CUST-011,sales_staff,FALSE
2177,11/11/2025,1024,36,36864,TRUE,24,CUST-024,sales_staff,FALSE
2178,11/12/2025,277,36,9972,TRUE,10,CUST-010,sales_staff,FALSE
2179,11/12/2025,248,35,8680,TRUE,5,CUST-005,sales_staff,FALSE
2180,11/12/2025,552,35,19320,TRUE,18,CUST-018,sales_staff,FALSE
2181,11/12/2025,347,35,12145,TRUE,8,CUST-008,sales_staff,FALSE
2182,11/12/2025,104,36,3744,TRUE,16,CUST-016,sales_staff,FALSE
2183,11/12/2025,487,35,17045,TRUE,13,CUST-013,sales_staff,FALSE
2184,11/12/2025,359,35,12565,TRUE,22,CUST-022,sales_staff,FALSE
2185,11/12/2025,1175,36,42300,TRUE,25,CUST-025,sales_staff,FALSE
2186,11/12/2025,472,35,16520,TRUE,24,CUST-024,sales_staff,FALSE
2187,11/12/2025,513,36,18468,TRUE,6,CUST-006,sales_staff,FALSE
2188,11/13/2025,2185,35,76475,TRUE,13,CUST-013,sales_staff,TRUE
2189,11/13/2025,1245,35,43575,TRUE,10,CUST-010,sales_staff,TRUE
2190,11/13/2025,1312,35,45920,TRUE,7,CUST-007,sales_staff,TRUE
2191,11/13/2025,992,35,34720,TRUE,9,CUST-009,sales_staff,TRUE
2192,11/14/2025,862,35,30170,TRUE,24,CUST-024,sales_staff,FALSE
2193,11/14/2025,937,35,32795,TRUE,6,CUST-006,sales_staff,FALSE
2194,11/14/2025,812,34,27608,TRUE,21,CUST-021,sales_staff,FALSE
2195,11/14/2025,2147,37,79439,TRUE,25,CUST-025,sales_staff,FALSE
2196,11/14/2025,282,34,9588,TRUE,1,CUST-001,sales_staff,FALSE
2197,11/15/2025,238,35,8330,TRUE,7,CUST-007,sales_staff,FALSE
2198,11/15/2025,395,36,14220,TRUE,3,CUST-003,sales_staff,FALSE
2199,11/15/2025,361,35,12635,TRUE,21,CUST-021,sales_staff,FALSE
2200,11/15/2025,201,36,7236,TRUE,5,CUST-005,sales_staff,FALSE
2201,11/15/2025,417,35,14595,TRUE,6,CUST-006,sales_staff,FALSE
2202,11/15/2025,956,35,33460,TRUE,25,CUST-025,sales_staff,FALSE
2203,11/15/2025,292,37,10804,TRUE,22,CUST-022,sales_staff,FALSE
2204,11/15/2025,449,36,16164,TRUE,18,CUST-018,sales_staff,FALSE
2205,11/15/2025,180,35,6300,TRUE,9,CUST-009,sales_staff,FALSE
2206,11/15/2025,396,34,13464,TRUE,13,CUST-013,sales_staff,FALSE
2207,11/16/2025,475,34,16150,TRUE,24,CUST-024,sales_staff,FALSE
2208,11/16/2025,517,36,18612,TRUE,6,CUST-006,sales_staff,FALSE
2209,11/16/2025,142,35,4970,TRUE,19,CUST-019,sales_staff,FALSE
2210,11/16/2025,1185,35,41475,TRUE,25,CUST-025,sales_staff,FALSE
2211,11/16/2025,490,35,17150,TRUE,3,CUST-003,sales_staff,FALSE
2212,11/16/2025,202,36,7272,TRUE,17,CUST-017,sales_staff,FALSE
2213,11/16/2025,491,35,17185,TRUE,13,CUST-013,sales_staff,FALSE
2214,11/16/2025,295,35,10325,TRUE,7,CUST-007,sales_staff,FALSE
2215,11/16/2025,257,35,8995,TRUE,12,CUST-012,sales_staff,FALSE
2216,11/17/2025,506,34,17204,TRUE,8,CUST-008,sales_staff,FALSE
2217,11/17/2025,746,35,26110,TRUE,6,CUST-006,sales_staff,FALSE
2218,11/17/2025,803,34,27302,TRUE,18,CUST-018,sales_staff,FALSE
2219,11/17/2025,709,35,24815,TRUE,13,CUST-013,sales_staff,FALSE
2220,11/17/2025,302,35,10570,TRUE,11,CUST-011,sales_staff,FALSE
2221,11/17/2025,225,35,7875,TRUE,1,CUST-001,sales_staff,FALSE
2222,11/17/2025,686,35,24010,TRUE,24,CUST-024,sales_staff,FALSE
2223,11/17/2025,361,36,12996,TRUE,5,CUST-005,sales_staff,FALSE
2224,11/18/2025,686,34,23324,TRUE,20,CUST-020,sales_staff,FALSE
2225,11/18/2025,760,35,26600,TRUE,9,CUST-009,sales_staff,FALSE
2226,11/18/2025,1675,35,58625,TRUE,13,CUST-013,sales_staff,FALSE
2227,11/18/2025,1529,35,53515,TRUE,21,CUST-021,sales_staff,FALSE
2228,11/19/2025,580,35,20300,TRUE,24,CUST-024,sales_staff,FALSE
2229,11/19/2025,678,35,23730,TRUE,18,CUST-018,sales_staff,FALSE
2230,11/19/2025,205,34,6970,TRUE,14,CUST-014,sales_staff,FALSE
2231,11/19/2025,1445,35,50575,TRUE,25,CUST-025,sales_staff,FALSE
2232,11/19/2025,441,35,15435,TRUE,22,CUST-022,sales_staff,FALSE
2233,11/19/2025,547,35,19145,TRUE,21,CUST-021,sales_staff,FALSE
2234,11/19/2025,314,35,10990,TRUE,12,CUST-012,sales_staff,FALSE
2235,11/19/2025,597,35,20895,TRUE,3,CUST-003,sales_staff,FALSE
2236,11/20/2025,330,35,11550,TRUE,12,CUST-012,sales_staff,FALSE
2237,11/20/2025,320,35,11200,TRUE,5,CUST-005,sales_staff,FALSE
2238,11/20/2025,713,36,25668,TRUE,18,CUST-018,sales_staff,FALSE
2239,11/20/2025,663,35,23205,TRUE,6,CUST-006,sales_staff,FALSE
2240,11/20/2025,1520,36,54720,TRUE,25,CUST-025,sales_staff,FALSE
2241,11/20/2025,628,35,21980,TRUE,3,CUST-003,sales_staff,FALSE
2242,11/20/2025,260,36,9360,TRUE,17,CUST-017,sales_staff,FALSE
2243,11/21/2025,2083,35,72905,TRUE,25,CUST-025,sales_staff,FALSE
2244,11/21/2025,636,35,22260,TRUE,22,CUST-022,sales_staff,FALSE
2245,11/21/2025,836,35,29260,TRUE,24,CUST-024,sales_staff,FALSE
2246,11/21/2025,861,35,30135,TRUE,3,CUST-003,sales_staff,FALSE
2247,11/22/2025,498,35,17430,TRUE,3,CUST-003,sales_staff,FALSE
2248,11/22/2025,245,36,8820,TRUE,4,CUST-004,sales_staff,FALSE
2249,11/22/2025,206,35,7210,TRUE,17,CUST-017,sales_staff,FALSE
2250,11/22/2025,1204,35,42140,TRUE,25,CUST-025,sales_staff,FALSE
2251,11/22/2025,367,36,13212,TRUE,22,CUST-022,sales_staff,FALSE
2252,11/22/2025,455,35,15925,TRUE,21,CUST-021,sales_staff,FALSE
2253,11/22/2025,483,36,17388,TRUE,24,CUST-024,sales_staff,FALSE
2254,11/22/2025,356,35,12460,TRUE,8,CUST-008,sales_staff,FALSE
2255,11/22/2025,499,35,17465,TRUE,13,CUST-013,sales_staff,FALSE
2256,11/22/2025,299,35,10465,TRUE,7,CUST-007,sales_staff,FALSE
2257,11/23/2025,985,35,34475,TRUE,6,CUST-006,sales_staff,FALSE
2258,11/23/2025,398,36,14328,TRUE,11,CUST-011,sales_staff,FALSE
2259,11/23/2025,1060,37,39220,TRUE,18,CUST-018,sales_staff,FALSE
2260,11/23/2025,424,36,15264,TRUE,9,CUST-009,sales_staff,FALSE
2261,11/23/2025,386,35,13510,TRUE,17,CUST-017,sales_staff,FALSE
2262,11/23/2025,906,37,33522,TRUE,24,CUST-024,sales_staff,FALSE
2263,11/24/2025,711,34,24174,TRUE,12,CUST-012,sales_staff,FALSE
2264,11/24/2025,691,35,24185,TRUE,5,CUST-005,sales_staff,FALSE
2265,11/24/2025,556,37,20572,TRUE,20,CUST-020,sales_staff,FALSE
2266,11/24/2025,1314,35,45990,TRUE,24,CUST-024,sales_staff,FALSE
2267,11/24/2025,815,36,29340,TRUE,7,CUST-007,sales_staff,FALSE
2268,11/24/2025,615,35,21525,TRUE,9,CUST-009,sales_staff,FALSE
2269,11/25/2025,1418,35,49630,TRUE,25,CUST-025,sales_staff,FALSE
2270,11/25/2025,536,35,18760,TRUE,21,CUST-021,sales_staff,FALSE
2271,11/25/2025,618,35,21630,TRUE,6,CUST-006,sales_staff,FALSE
2272,11/25/2025,586,35,20510,TRUE,3,CUST-003,sales_staff,FALSE
2273,11/25/2025,201,35,7035,TRUE,14,CUST-014,sales_staff,FALSE
2274,11/25/2025,49,35,1715,TRUE,2,CUST-002,sales_staff,FALSE
2275,11/25/2025,419,36,15084,TRUE,8,CUST-008,sales_staff,FALSE
2276,11/25/2025,267,35,9345,TRUE,9,CUST-009,sales_staff,FALSE
2277,11/25/2025,666,37,24642,TRUE,18,CUST-018,sales_staff,FALSE
2278,11/26/2025,788,35,27580,TRUE,13,CUST-013,sales_staff,FALSE
2279,11/26/2025,358,37,13246,TRUE,9,CUST-009,sales_staff,FALSE
2280,11/26/2025,1903,35,66605,TRUE,25,CUST-025,sales_staff,FALSE
2281,11/26/2025,562,35,19670,TRUE,8,CUST-008,sales_staff,FALSE
2282,11/26/2025,764,36,27504,TRUE,24,CUST-024,sales_staff,FALSE
2283,11/26/2025,323,34,10982,TRUE,20,CUST-020,sales_staff,FALSE
2284,11/27/2025,589,35,20615,TRUE,8,CUST-008,sales_staff,FALSE
2285,11/27/2025,1995,35,69825,TRUE,25,CUST-025,sales_staff,FALSE
2286,11/27/2025,496,37,18352,TRUE,7,CUST-007,sales_staff,FALSE
2287,11/27/2025,166,36,5976,TRUE,15,CUST-015,sales_staff,FALSE
2288,11/27/2025,421,35,14735,TRUE,5,CUST-005,sales_staff,FALSE
2289,11/27/2025,406,35,14210,TRUE,4,CUST-004,sales_staff,FALSE
2290,11/27/2025,800,36,28800,TRUE,24,CUST-024,sales_staff,FALSE
2291,11/28/2025,1037,35,36295,TRUE,10,CUST-010,sales_staff,FALSE
2292,11/28/2025,746,36,26856,TRUE,20,CUST-020,sales_staff,FALSE
2293,11/28/2025,1821,35,63735,TRUE,13,CUST-013,sales_staff,FALSE
2294,11/28/2025,1093,35,38255,TRUE,7,CUST-007,sales_staff,FALSE
2295,11/29/2025,471,36,16956,TRUE,6,CUST-006,sales_staff,FALSE
2296,11/29/2025,433,36,15588,TRUE,24,CUST-024,sales_staff,FALSE
2297,11/29/2025,408,34,13872,TRUE,21,CUST-021,sales_staff,FALSE
2298,11/29/2025,255,35,8925,TRUE,10,CUST-010,sales_staff,FALSE
2299,11/29/2025,448,35,15680,TRUE,13,CUST-013,sales_staff,FALSE
2300,11/29/2025,190,35,6650,TRUE,11,CUST-011,sales_staff,FALSE
2301,11/29/2025,185,35,6475,TRUE,17,CUST-017,sales_staff,FALSE
2302,11/29/2025,319,35,11165,TRUE,8,CUST-008,sales_staff,FALSE
2303,11/29/2025,1080,35,37800,TRUE,25,CUST-025,sales_staff,FALSE
2304,11/30/2025,499,35,17465,TRUE,4,CUST-004,sales_staff,FALSE
2305,11/30/2025,533,35,18655,TRUE,12,CUST-012,sales_staff,FALSE
2306,11/30/2025,433,36,15588,TRUE,11,CUST-011,sales_staff,FALSE
2307,11/30/2025,1071,35,37485,TRUE,6,CUST-006,sales_staff,FALSE
2308,11/30/2025,579,34,19686,TRUE,10,CUST-010,sales_staff,FALSE
2309,11/30/2025,928,35,32480,TRUE,21,CUST-021,sales_staff,FALSE
2310,12/1/2025,831,36,29916,TRUE,18,CUST-018,sales_staff,FALSE
2311,12/1/2025,374,36,13464,TRUE,5,CUST-005,sales_staff,FALSE
2312,12/1/2025,670,35,23450,TRUE,21,CUST-021,sales_staff,FALSE
2313,12/1/2025,711,35,24885,TRUE,24,CUST-024,sales_staff,FALSE
2314,12/1/2025,734,35,25690,TRUE,13,CUST-013,sales_staff,FALSE
2315,12/1/2025,1771,36,63756,TRUE,25,CUST-025,sales_staff,FALSE
2316,12/1/2025,252,35,8820,TRUE,14,CUST-014,sales_staff,FALSE
2317,12/1/2025,301,36,10836,TRUE,20,CUST-020,sales_staff,FALSE
2318,12/1/2025,540,35,18900,TRUE,22,CUST-022,sales_staff,FALSE
2319,12/2/2025,2724,35,95340,TRUE,25,CUST-025,sales_staff,FALSE
2320,12/2/2025,1030,36,37080,TRUE,21,CUST-021,sales_staff,FALSE
2321,12/2/2025,358,37,13246,TRUE,1,CUST-001,sales_staff,FALSE
2322,12/2/2025,643,35,22505,TRUE,10,CUST-010,sales_staff,FALSE
2323,12/2/2025,1125,34,38250,TRUE,3,CUST-003,sales_staff,FALSE
2324,12/3/2025,464,36,16704,TRUE,8,CUST-008,sales_staff,FALSE
2325,12/3/2025,1569,35,54915,TRUE,25,CUST-025,sales_staff,FALSE
2326,12/3/2025,630,35,22050,TRUE,24,CUST-024,sales_staff,FALSE
2327,12/3/2025,268,36,9648,TRUE,17,CUST-017,sales_staff,FALSE
2328,12/3/2025,593,35,20755,TRUE,21,CUST-021,sales_staff,FALSE
2329,12/3/2025,650,37,24050,TRUE,13,CUST-013,sales_staff,FALSE
2330,12/3/2025,390,35,13650,TRUE,7,CUST-007,sales_staff,FALSE
2331,12/3/2025,319,35,11165,TRUE,4,CUST-004,sales_staff,FALSE
2332,12/3/2025,648,35,22680,TRUE,3,CUST-003,sales_staff,FALSE
2333,12/3/2025,341,36,12276,TRUE,12,CUST-012,sales_staff,FALSE
2334,12/4/2025,688,36,24768,TRUE,24,CUST-024,sales_staff,FALSE
2335,12/4/2025,708,34,24072,TRUE,3,CUST-003,sales_staff,FALSE
2336,12/4/2025,710,35,24850,TRUE,13,CUST-013,sales_staff,FALSE
2337,12/4/2025,426,35,14910,TRUE,7,CUST-007,sales_staff,FALSE
2338,12/4/2025,1713,35,59955,TRUE,25,CUST-025,sales_staff,FALSE
2339,12/4/2025,152,35,5320,TRUE,16,CUST-016,sales_staff,FALSE
2340,12/4/2025,747,36,26892,TRUE,6,CUST-006,sales_staff,FALSE
2341,12/4/2025,293,37,10841,TRUE,17,CUST-017,sales_staff,FALSE
2342,12/4/2025,648,37,23976,TRUE,21,CUST-021,sales_staff,FALSE
2343,12/5/2025,614,36,22104,TRUE,13,CUST-013,sales_staff,FALSE
2344,12/5/2025,560,37,20720,TRUE,21,CUST-021,sales_staff,FALSE
2345,12/5/2025,210,36,7560,TRUE,14,CUST-014,sales_staff,FALSE
2346,12/5/2025,312,35,10920,TRUE,5,CUST-005,sales_staff,FALSE
2347,12/5/2025,695,36,25020,TRUE,18,CUST-018,sales_staff,FALSE
2348,12/5/2025,612,37,22644,TRUE,3,CUST-003,sales_staff,FALSE
2349,12/5/2025,646,36,23256,TRUE,6,CUST-006,sales_staff,FALSE
2350,12/5/2025,438,34,14892,TRUE,8,CUST-008,sales_staff,FALSE
2351,12/5/2025,1481,35,51835,TRUE,25,CUST-025,sales_staff,FALSE
2352,12/5/2025,594,37,21978,TRUE,24,CUST-024,sales_staff,FALSE
2353,12/6/2025,773,34,26282,TRUE,17,CUST-017,sales_staff,FALSE
2354,12/6/2025,1379,37,51023,TRUE,22,CUST-022,sales_staff,FALSE
2355,12/6/2025,1868,35,65380,TRUE,3,CUST-003,sales_staff,FALSE
2356,12/6/2025,1124,37,41588,TRUE,7,CUST-007,sales_staff,FALSE
2357,12/7/2025,619,35,21665,TRUE,21,CUST-021,sales_staff,FALSE
2358,12/7/2025,407,35,14245,TRUE,7,CUST-007,sales_staff,FALSE
2359,12/7/2025,346,35,12110,TRUE,5,CUST-005,sales_staff,FALSE
2360,12/7/2025,57,37,2109,TRUE,2,CUST-002,sales_staff,FALSE
2361,12/7/2025,356,36,12816,TRUE,12,CUST-012,sales_staff,FALSE
2362,12/7/2025,714,36,25704,TRUE,6,CUST-006,sales_staff,FALSE
2363,12/7/2025,678,35,23730,TRUE,13,CUST-013,sales_staff,FALSE
2364,12/7/2025,1638,35,57330,TRUE,25,CUST-025,sales_staff,FALSE
2365,12/7/2025,308,36,11088,TRUE,9,CUST-009,sales_staff,FALSE
2366,12/7/2025,289,35,10115,TRUE,11,CUST-011,sales_staff,FALSE
2367,12/8/2025,872,35,30520,TRUE,24,CUST-024,sales_staff,FALSE
2368,12/8/2025,2173,35,76055,TRUE,25,CUST-025,sales_staff,FALSE
2369,12/8/2025,1020,37,37740,TRUE,18,CUST-018,sales_staff,FALSE
2370,12/8/2025,821,35,28735,TRUE,21,CUST-021,sales_staff,FALSE
2371,12/8/2025,898,35,31430,TRUE,3,CUST-003,sales_staff,FALSE
2372,12/9/2025,417,35,14595,TRUE,19,CUST-019,sales_staff,FALSE
2373,12/9/2025,3477,36,125172,TRUE,25,CUST-025,sales_staff,FALSE
2374,12/9/2025,654,35,22890,TRUE,9,CUST-009,sales_staff,FALSE
2375,12/9/2025,1517,34,51578,TRUE,6,CUST-006,sales_staff,FALSE
2376,12/10/2025,663,35,23205,TRUE,24,CUST-024,sales_staff,FALSE
2377,12/10/2025,198,36,7128,TRUE,19,CUST-019,sales_staff,FALSE
2378,12/10/2025,684,36,24624,TRUE,13,CUST-013,sales_staff,FALSE
2379,12/10/2025,721,35,25235,TRUE,6,CUST-006,sales_staff,FALSE
2380,12/10/2025,390,37,14430,TRUE,10,CUST-010,sales_staff,FALSE
2381,12/10/2025,1652,34,56168,TRUE,25,CUST-025,sales_staff,FALSE
2382,12/10/2025,311,35,10885,TRUE,9,CUST-009,sales_staff,FALSE
2383,12/10/2025,282,35,9870,TRUE,17,CUST-017,sales_staff,FALSE
2384,12/10/2025,235,35,8225,TRUE,14,CUST-014,sales_staff,FALSE
2385,12/10/2025,411,36,14796,TRUE,7,CUST-007,sales_staff,FALSE
2386,12/11/2025,1825,35,63875,TRUE,25,CUST-025,sales_staff,TRUE
2387,12/11/2025,539,36,19404,TRUE,8,CUST-008,sales_staff,TRUE
2388,12/11/2025,756,35,26460,TRUE,13,CUST-013,sales_staff,TRUE
2389,12/11/2025,454,35,15890,TRUE,7,CUST-007,sales_staff,TRUE
2390,12/11/2025,397,35,13895,TRUE,12,CUST-012,sales_staff,TRUE
2391,12/11/2025,796,35,27860,TRUE,6,CUST-006,sales_staff,TRUE
2392,12/11/2025,259,37,9583,TRUE,14,CUST-014,sales_staff,TRUE
2393,12/11/2025,557,35,19495,TRUE,22,CUST-022,sales_staff,TRUE
2394,12/11/2025,754,35,26390,TRUE,3,CUST-003,sales_staff,TRUE
2395,12/11/2025,343,35,12005,TRUE,9,CUST-009,sales_staff,TRUE
2396,12/12/2025,1078,36,38808,TRUE,10,CUST-010,sales_staff,FALSE
2397,12/12/2025,2145,35,75075,TRUE,18,CUST-018,sales_staff,FALSE
2398,12/12/2025,1394,35,48790,TRUE,22,CUST-022,sales_staff,FALSE
2399,12/12/2025,1728,35,60480,TRUE,21,CUST-021,sales_staff,FALSE
2400,12/13/2025,1809,35,63315,TRUE,13,CUST-013,sales_staff,FALSE
2401,12/13/2025,556,34,18904,TRUE,23,CUST-023,sales_staff,FALSE
2402,12/13/2025,1805,35,63175,TRUE,3,CUST-003,sales_staff,FALSE
2403,12/13/2025,1652,34,56168,TRUE,21,CUST-021,sales_staff,FALSE
2404,12/14/2025,432,36,15552,TRUE,5,CUST-005,sales_staff,FALSE
2405,12/14/2025,2046,35,71610,TRUE,25,CUST-025,sales_staff,FALSE
2406,12/14/2025,892,34,30328,TRUE,6,CUST-006,sales_staff,FALSE
2407,12/14/2025,246,37,9102,TRUE,19,CUST-019,sales_staff,FALSE
2408,12/14/2025,483,34,16422,TRUE,10,CUST-010,sales_staff,FALSE
2409,12/14/2025,961,36,34596,TRUE,18,CUST-018,sales_staff,FALSE
2410,12/15/2025,699,35,24465,TRUE,24,CUST-024,sales_staff,FALSE
2411,12/15/2025,721,34,24514,TRUE,13,CUST-013,sales_staff,FALSE
2412,12/15/2025,760,36,27360,TRUE,6,CUST-006,sales_staff,FALSE
2413,12/15/2025,367,35,12845,TRUE,5,CUST-005,sales_staff,FALSE
2414,12/15/2025,720,35,25200,TRUE,3,CUST-003,sales_staff,FALSE
2415,12/15/2025,1742,35,60970,TRUE,25,CUST-025,sales_staff,FALSE
2416,12/15/2025,659,36,23724,TRUE,21,CUST-021,sales_staff,FALSE
2417,12/15/2025,378,35,13230,TRUE,12,CUST-012,sales_staff,FALSE
2418,12/16/2025,431,35,15085,TRUE,4,CUST-004,sales_staff,FALSE
2419,12/16/2025,994,35,34790,TRUE,18,CUST-018,sales_staff,FALSE
2420,12/16/2025,278,35,9730,TRUE,1,CUST-001,sales_staff,FALSE
2421,12/16/2025,876,36,31536,TRUE,3,CUST-003,sales_staff,FALSE
2422,12/16/2025,878,35,30730,TRUE,13,CUST-013,sales_staff,FALSE
2423,12/16/2025,2119,35,74165,TRUE,25,CUST-025,sales_staff,FALSE
2424,12/17/2025,1012,37,37444,TRUE,21,CUST-021,sales_staff,FALSE
2425,12/17/2025,544,35,19040,TRUE,4,CUST-004,sales_staff,FALSE
2426,12/17/2025,1107,35,38745,TRUE,3,CUST-003,sales_staff,FALSE
2427,12/17/2025,1074,35,37590,TRUE,24,CUST-024,sales_staff,FALSE
2428,12/17/2025,817,36,29412,TRUE,22,CUST-022,sales_staff,FALSE
2429,12/17/2025,1168,35,40880,TRUE,6,CUST-006,sales_staff,FALSE
2430,12/18/2025,389,35,13615,TRUE,12,CUST-012,sales_staff,FALSE
2431,12/18/2025,719,36,25884,TRUE,24,CUST-024,sales_staff,FALSE
2432,12/18/2025,841,35,29435,TRUE,18,CUST-018,sales_staff,FALSE
2433,12/18/2025,740,37,27380,TRUE,3,CUST-003,sales_staff,FALSE
2434,12/18/2025,1792,35,62720,TRUE,25,CUST-025,sales_staff,FALSE
2435,12/18/2025,236,36,8496,TRUE,1,CUST-001,sales_staff,FALSE
2436,12/18/2025,378,35,13230,TRUE,5,CUST-005,sales_staff,FALSE
2437,12/18/2025,547,36,19692,TRUE,22,CUST-022,sales_staff,FALSE
2438,12/18/2025,228,35,7980,TRUE,23,CUST-023,sales_staff,FALSE
2439,12/19/2025,1649,35,57715,TRUE,25,CUST-025,sales_staff,FALSE
2440,12/19/2025,774,37,28638,TRUE,18,CUST-018,sales_staff,FALSE
2441,12/19/2025,217,35,7595,TRUE,1,CUST-001,sales_staff,FALSE
2442,12/19/2025,503,36,18108,TRUE,22,CUST-022,sales_staff,FALSE
2443,12/19/2025,291,36,10476,TRUE,11,CUST-011,sales_staff,FALSE
2444,12/19/2025,624,37,23088,TRUE,21,CUST-021,sales_staff,FALSE
2445,12/19/2025,719,35,25165,TRUE,6,CUST-006,sales_staff,FALSE
2446,12/19/2025,335,36,12060,TRUE,4,CUST-004,sales_staff,FALSE
2447,12/19/2025,358,35,12530,TRUE,12,CUST-012,sales_staff,FALSE
2448,12/19/2025,280,37,10360,TRUE,20,CUST-020,sales_staff,FALSE
2449,12/20/2025,709,35,24815,TRUE,24,CUST-024,sales_staff,TRUE
2450,12/20/2025,522,36,18792,TRUE,8,CUST-008,sales_staff,TRUE
2451,12/20/2025,311,35,10885,TRUE,11,CUST-011,sales_staff,TRUE
2452,12/20/2025,829,36,29844,TRUE,18,CUST-018,sales_staff,TRUE
2453,12/20/2025,668,35,23380,TRUE,21,CUST-021,sales_staff,TRUE
2454,12/20/2025,770,35,26950,TRUE,6,CUST-006,sales_staff,TRUE
2455,12/20/2025,384,35,13440,TRUE,12,CUST-012,sales_staff,TRUE
2456,12/20/2025,1767,35,61845,TRUE,25,CUST-025,sales_staff,TRUE
2457,12/20/2025,212,35,7420,TRUE,19,CUST-019,sales_staff,TRUE
2458,12/21/2025,621,35,21735,TRUE,7,CUST-007,sales_staff,FALSE
2459,12/21/2025,1172,35,41020,TRUE,18,CUST-018,sales_staff,FALSE
2460,12/21/2025,738,36,26568,TRUE,8,CUST-008,sales_staff,FALSE
2461,12/21/2025,1002,35,35070,TRUE,24,CUST-024,sales_staff,FALSE
2462,12/21/2025,1089,35,38115,TRUE,6,CUST-006,sales_staff,FALSE
2463,12/21/2025,355,35,12425,TRUE,14,CUST-014,sales_staff,FALSE
2464,12/22/2025,773,34,26282,TRUE,3,CUST-003,sales_staff,FALSE
2465,12/22/2025,318,36,11448,TRUE,20,CUST-020,sales_staff,FALSE
2466,12/22/2025,465,36,16740,TRUE,7,CUST-007,sales_staff,FALSE
2467,12/22/2025,553,35,19355,TRUE,8,CUST-008,sales_staff,FALSE
2468,12/22/2025,1870,35,65450,TRUE,25,CUST-025,sales_staff,FALSE
2469,12/22/2025,816,37,30192,TRUE,6,CUST-006,sales_staff,FALSE
2470,12/22/2025,878,34,29852,TRUE,18,CUST-018,sales_staff,FALSE
2471,12/22/2025,166,35,5810,TRUE,16,CUST-016,sales_staff,FALSE
2472,12/23/2025,636,35,22260,TRUE,9,CUST-009,sales_staff,FALSE
2473,12/23/2025,735,35,25725,TRUE,12,CUST-012,sales_staff,FALSE
2474,12/23/2025,3385,35,118475,TRUE,25,CUST-025,sales_staff,FALSE
2475,12/23/2025,1358,36,48888,TRUE,24,CUST-024,sales_staff,FALSE
2476,12/24/2025,1082,34,36788,TRUE,13,CUST-013,sales_staff,FALSE
2477,12/24/2025,650,35,22750,TRUE,7,CUST-007,sales_staff,FALSE
2478,12/24/2025,371,34,12614,TRUE,14,CUST-014,sales_staff,FALSE
2479,12/24/2025,444,37,16428,TRUE,20,CUST-020,sales_staff,FALSE
2480,12/24/2025,531,36,19116,TRUE,4,CUST-004,sales_staff,FALSE
2481,12/24/2025,2613,35,91455,TRUE,25,CUST-025,sales_staff,FALSE
2482,12/25/2025,332,36,11952,TRUE,11,CUST-011,sales_staff,FALSE
2483,12/25/2025,322,35,11270,TRUE,17,CUST-017,sales_staff,FALSE
2484,12/25/2025,1885,35,65975,TRUE,25,CUST-025,sales_staff,FALSE
2485,12/25/2025,713,36,25668,TRUE,21,CUST-021,sales_staff,FALSE
2486,12/25/2025,168,35,5880,TRUE,16,CUST-016,sales_staff,FALSE
2487,12/25/2025,822,35,28770,TRUE,6,CUST-006,sales_staff,FALSE
2488,12/25/2025,469,35,16415,TRUE,7,CUST-007,sales_staff,FALSE
2489,12/25/2025,885,35,30975,TRUE,18,CUST-018,sales_staff,FALSE
2490,12/25/2025,157,34,5338,TRUE,15,CUST-015,sales_staff,FALSE
2491,12/26/2025,490,35,17150,TRUE,7,CUST-007,sales_staff,FALSE
2492,12/26/2025,815,35,28525,TRUE,13,CUST-013,sales_staff,FALSE
2493,12/26/2025,1968,36,70848,TRUE,25,CUST-025,sales_staff,FALSE
2494,12/26/2025,924,36,33264,TRUE,18,CUST-018,sales_staff,FALSE
2495,12/26/2025,400,35,14000,TRUE,4,CUST-004,sales_staff,FALSE
2496,12/26/2025,859,35,30065,TRUE,6,CUST-006,sales_staff,FALSE
2497,12/26/2025,814,35,28490,TRUE,3,CUST-003,sales_staff,FALSE
2498,12/27/2025,960,35,33600,TRUE,18,CUST-018,sales_staff,FALSE
2499,12/27/2025,509,36,18324,TRUE,7,CUST-007,sales_staff,FALSE
2500,12/27/2025,2046,36,73656,TRUE,25,CUST-025,sales_staff,FALSE
2501,12/27/2025,432,35,15120,TRUE,5,CUST-005,sales_staff,FALSE
2502,12/27/2025,848,35,29680,TRUE,13,CUST-013,sales_staff,FALSE
2503,12/27/2025,821,35,28735,TRUE,24,CUST-024,sales_staff,FALSE
2504,12/28/2025,568,34,19312,TRUE,21,CUST-021,sales_staff,FALSE
2505,12/28/2025,374,36,13464,TRUE,7,CUST-007,sales_staff,FALSE
2506,12/28/2025,458,35,16030,TRUE,22,CUST-022,sales_staff,FALSE
2507,12/28/2025,305,35,10675,TRUE,4,CUST-004,sales_staff,FALSE
2508,12/28/2025,354,36,12744,TRUE,10,CUST-010,sales_staff,FALSE
2509,12/28/2025,705,37,26085,TRUE,18,CUST-018,sales_staff,FALSE
2510,12/28/2025,1502,35,52570,TRUE,25,CUST-025,sales_staff,FALSE
2511,12/28/2025,603,34,20502,TRUE,24,CUST-024,sales_staff,FALSE
2512,12/29/2025,726,35,25410,TRUE,3,CUST-003,sales_staff,FALSE
2513,12/29/2025,357,35,12495,TRUE,4,CUST-004,sales_staff,FALSE
2514,12/29/2025,231,35,8085,TRUE,1,CUST-001,sales_staff,FALSE
2515,12/29/2025,767,36,27612,TRUE,6,CUST-006,sales_staff,FALSE
2516,12/29/2025,299,35,10465,TRUE,20,CUST-020,sales_staff,FALSE
2517,12/29/2025,728,35,25480,TRUE,13,CUST-013,sales_staff,FALSE
2518,12/29/2025,1757,37,65009,TRUE,25,CUST-025,sales_staff,FALSE
2519,12/29/2025,705,36,25380,TRUE,24,CUST-024,sales_staff,FALSE
2520,12/29/2025,224,36,8064,TRUE,23,CUST-023,sales_staff,FALSE
2521,12/30/2025,3000,34,102000,TRUE,25,CUST-025,sales_staff,TRUE
2522,12/30/2025,1204,35,42140,TRUE,24,CUST-024,sales_staff,TRUE
2523,12/30/2025,1309,34,44506,TRUE,6,CUST-006,sales_staff,TRUE
2524,12/30/2025,746,35,26110,TRUE,7,CUST-007,sales_staff,TRUE
2525,12/30/2025,529,35,18515,TRUE,11,CUST-011,sales_staff,TRUE
2526,12/31/2025,138,35,4830,TRUE,15,CUST-015,sales_staff,FALSE
2527,12/31/2025,361,37,13357,TRUE,12,CUST-012,sales_staff,FALSE
2528,12/31/2025,491,35,17185,TRUE,8,CUST-008,sales_staff,FALSE
2529,12/31/2025,724,36,26064,TRUE,6,CUST-006,sales_staff,FALSE
2530,12/31/2025,780,35,27300,TRUE,18,CUST-018,sales_staff,FALSE
2531,12/31/2025,507,35,17745,TRUE,22,CUST-022,sales_staff,FALSE
2532,12/31/2025,413,36,14868,TRUE,7,CUST-007,sales_staff,FALSE
2533,12/31/2025,1661,35,58135,TRUE,25,CUST-025,sales_staff,FALSE
2534,12/31/2025,686,35,24010,TRUE,3,CUST-003,sales_staff,FALSE
